dt,house_number,title,product_category,broadcast_right_region,broadcast_right_vod_type,broadcast_right_start_date,broadcast_right_end_date
2016-03-17,20278384,PARADISE HOTEL (2016) - OP DEN (12) Ep: 1237,Series,Denmark,EST,2016-03-07,2100-01-01
2016-03-17,20278384,PARADISE HOTEL (2016) - OP DEN (12) Ep: 1237,Series,Denmark,AVOD,2016-03-07,2100-01-01
2016-03-17,20278384,PARADISE HOTEL (2016) - OP DEN (12) Ep: 1237,Series,Denmark,FVOD,2016-03-07,2100-01-01
2016-03-17,20278384,PARADISE HOTEL (2016) - OP DEN (12) Ep: 1237,Series,Denmark,SVOD,2016-03-07,2100-01-01
2016-03-17,20278384,PARADISE HOTEL (2016) - OP DEN (12) Ep: 1237,Series,Denmark,TVOD,2016-03-07,2100-01-01
2016-03-17,20278384,PARADISE HOTEL (2016) - OP DEN (12) Ep: 1237,Series,Denmark,Catch up,2016-03-07,2100-01-01
2016-03-17,20278384,PARADISE HOTEL (2016) - OP DEN (12) Ep: 1237,Series,Sweden,FVOD,2016-03-21,2017-03-20
2016-03-17,20278384,PARADISE HOTEL (2016) - OP DEN (12) Ep: 1237,Series,Sweden,SVOD,2016-03-21,2017-03-20
2016-03-17,20278366,PARADISE HOTEL (2016) - OP DEN (12) Ep: 1219,Series,Denmark,Catch up,2016-03-07,2100-01-01
2016-03-17,20278366,PARADISE HOTEL (2016) - OP DEN (12) Ep: 1219,Series,Denmark,EST,2016-03-07,2100-01-01
2016-03-17,20278366,PARADISE HOTEL (2016) - OP DEN (12) Ep: 1219,Series,Denmark,FVOD,2016-03-07,2100-01-01
2016-03-17,20278366,PARADISE HOTEL (2016) - OP DEN (12) Ep: 1219,Series,Denmark,SVOD,2016-03-07,2100-01-01
2016-03-17,20278366,PARADISE HOTEL (2016) - OP DEN (12) Ep: 1219,Series,Denmark,AVOD,2016-03-07,2100-01-01
2016-03-17,20278366,PARADISE HOTEL (2016) - OP DEN (12) Ep: 1219,Series,Denmark,TVOD,2016-03-07,2100-01-01
2016-03-17,20278366,PARADISE HOTEL (2016) - OP DEN (12) Ep: 1219,Series,Sweden,FVOD,2016-03-21,2017-03-20
2016-03-17,20278366,PARADISE HOTEL (2016) - OP DEN (12) Ep: 1219,Series,Sweden,SVOD,2016-03-21,2017-03-20
2015-09-14,20225004,ROBINSON YR 17 HD - OP DK (17) Ep: 2,Series,Denmark,TVOD,2015-08-01,2020-07-31
2015-09-14,20225004,ROBINSON YR 17 HD - OP DK (17) Ep: 2,Series,Denmark,FVOD,2015-08-01,2020-07-31
2015-09-14,20225004,ROBINSON YR 17 HD - OP DK (17) Ep: 2,Series,Denmark,AVOD,2015-08-01,2020-07-31
2015-09-14,20225004,ROBINSON YR 17 HD - OP DK (17) Ep: 2,Series,Denmark,SVOD,2015-08-01,2020-07-31
2015-09-14,20225004,ROBINSON YR 17 HD - OP DK (17) Ep: 2,Series,Denmark,Catch up,"",2020-07-31
2015-02-11,20207656,Blå Ögon,Series,Norway,TVOD,"",""
2015-02-11,20207656,Blå Ögon,Series,Norway,TVOD,"",""
2015-02-11,20207656,Blå Ögon,Series,Norway,TVOD,"",""
2015-02-11,20207656,Blå Ögon,Series,Norway,TVOD,"",""
2015-02-11,20207656,Blå Ögon,Series,Norway,TVOD,"",""
2015-02-11,20207656,Blå Ögon,Series,Norway,TVOD,"",""
2015-02-11,20207656,Blå Ögon,Series,Norway,TVOD,"",""
2015-02-11,20207656,Blå Ögon,Series,Norway,TVOD,"",""
2015-02-11,20207656,Blå Ögon,Series,Norway,TVOD,"",""
2015-02-11,20207656,Blå Ögon,Series,Denmark,SVOD,2015-12-31,2019-12-30
2015-02-11,20207656,Blå Ögon,Series,Norway,SVOD,2015-12-31,2019-12-30
2015-02-11,20207656,Blå Ögon,Series,Sweden,SVOD,2015-12-31,2019-12-30
2015-02-11,20207656,Blå Ögon,Series,Finland,SVOD,2015-12-31,2019-12-30
2015-02-11,20207656,Blå Ögon,Series,Denmark,TVOD,2015-05-13,2100-01-01
2015-02-11,20207656,Blå Ögon,Series,Denmark,TVOD,2015-05-13,2100-01-01
2015-02-11,20207656,Blå Ögon,Series,Denmark,TVOD,2015-05-13,2100-01-01
2015-02-11,20207656,Blå Ögon,Series,Sweden,TVOD,2015-05-04,2100-01-01
2015-02-11,20207656,Blå Ögon,Series,Sweden,TVOD,2015-05-04,2100-01-01
2015-02-11,20207656,Blå Ögon,Series,Sweden,TVOD,2015-05-04,2100-01-01
2015-02-11,20207656,Blå Ögon,Series,Finland,TVOD,"",""
2015-02-11,20207656,Blå Ögon,Series,Finland,TVOD,"",""
2015-02-11,20207656,Blå Ögon,Series,Finland,TVOD,"",""
2015-02-11,20207656,Blå Ögon,Series,Finland,TVOD,"",""
2015-02-11,20207656,Blå Ögon,Series,Finland,TVOD,"",""
2015-02-11,20207656,Blå Ögon,Series,Finland,TVOD,"",""
2015-02-11,20207656,Blå Ögon,Series,Finland,TVOD,"",""
2015-02-11,20207656,Blå Ögon,Series,Finland,TVOD,"",""
2015-02-11,20207656,Blå Ögon,Series,Finland,TVOD,"",""
2016-03-04,10073547,BOSCH YR 1 16:9 DD HD (1): Ep 109,Series,Denmark,SVOD,2016-03-21,2017-03-20
2016-03-04,10073547,BOSCH YR 1 16:9 DD HD (1): Ep 109,Series,Norway,SVOD,2016-03-21,2017-03-20
2016-03-04,10073547,BOSCH YR 1 16:9 DD HD (1): Ep 109,Series,Sweden,SVOD,2016-03-21,2017-03-20
2016-03-04,10073547,BOSCH YR 1 16:9 DD HD (1): Ep 109,Series,Finland,SVOD,2016-03-21,2017-03-20
2016-03-04,10073547,BOSCH YR 1 16:9 DD HD (1): Ep 109,Series,Sweden,Catch up,2016-03-21,2017-10-11
2016-03-04,10073547,BOSCH YR 1 16:9 DD HD (1): Ep 109,Series,Norway,Catch up,2016-03-21,2017-10-11
2016-03-04,10073547,BOSCH YR 1 16:9 DD HD (1): Ep 109,Series,Denmark,Catch up,2016-03-21,2017-10-11
2016-02-24,20229325,"Greatest Game Ever Played, The","",Denmark,SVOD,2016-03-18,2017-03-17
2016-02-24,20229325,"Greatest Game Ever Played, The","",Norway,SVOD,2016-03-18,2017-03-17
2016-02-24,20229325,"Greatest Game Ever Played, The","",Sweden,SVOD,2016-03-18,2017-03-17
2016-02-24,20229325,"Greatest Game Ever Played, The","",Finland,SVOD,2016-03-18,2017-03-17
2015-06-05,20209155,South Park,Series,Norway,AVOD,2015-05-01,2017-06-30
2015-06-05,20209155,South Park,Series,Denmark,AVOD,2015-05-01,2017-06-30
2015-06-05,20209155,South Park,Series,Norway,SVOD,2015-07-01,2017-06-30
2015-06-05,20209155,South Park,Series,Denmark,SVOD,2015-07-01,2017-06-30
2015-06-05,20209155,South Park,Series,Sweden,SVOD,2015-07-01,2017-06-30
2015-06-05,20209155,South Park,Series,Sweden,AVOD,2015-05-01,2017-06-30
2015-06-05,20209155,South Park,Series,Finland,SVOD,2015-07-01,2017-06-30
2015-06-05,20209076,South Park,Series,Denmark,SVOD,2015-07-01,2017-06-30
2015-06-05,20209076,South Park,Series,Sweden,SVOD,2015-07-01,2017-06-30
2015-06-05,20209076,South Park,Series,Sweden,AVOD,2015-05-01,2017-06-30
2015-06-05,20209076,South Park,Series,Finland,SVOD,2015-07-01,2017-06-30
2015-06-05,20209076,South Park,Series,Norway,AVOD,2015-05-01,2017-06-30
2015-06-05,20209076,South Park,Series,Denmark,AVOD,2015-05-01,2017-06-30
2015-06-05,20209076,South Park,Series,Norway,SVOD,2015-07-01,2017-06-30
2015-06-05,20209077,South Park,Series,Finland,SVOD,2015-07-01,2017-06-30
2015-06-05,20209077,South Park,Series,Norway,SVOD,2015-07-01,2017-06-30
2015-06-05,20209077,South Park,Series,Norway,AVOD,2015-05-01,2017-06-30
2015-06-05,20209077,South Park,Series,Denmark,AVOD,2015-05-01,2017-06-30
2015-06-05,20209077,South Park,Series,Denmark,SVOD,2015-07-01,2017-06-30
2015-06-05,20209077,South Park,Series,Sweden,SVOD,2015-07-01,2017-06-30
2015-06-05,20209077,South Park,Series,Sweden,AVOD,2015-05-01,2017-06-30
2015-06-05,20209090,South Park,Series,Denmark,SVOD,2015-07-01,2017-06-30
2015-06-05,20209090,South Park,Series,Sweden,SVOD,2015-07-01,2017-06-30
2015-06-05,20209090,South Park,Series,Sweden,AVOD,2015-05-01,2017-06-30
2015-06-05,20209090,South Park,Series,Finland,SVOD,2015-07-01,2017-06-30
2015-06-05,20209090,South Park,Series,Norway,AVOD,2015-05-01,2017-06-30
2015-06-05,20209090,South Park,Series,Denmark,AVOD,2015-05-01,2017-06-30
2015-06-05,20209090,South Park,Series,Norway,SVOD,2015-07-01,2017-06-30
2015-11-26,20258427,FRASIER YR 1 (1) Ep: 122,Series,Sweden,Catch up,2015-12-31,2019-01-06
2015-11-26,20258427,FRASIER YR 1 (1) Ep: 122,Series,Sweden,Catch up,2015-12-31,2019-01-06
2015-11-26,20258427,FRASIER YR 1 (1) Ep: 122,Series,Sweden,Catch up,2015-12-31,2019-01-06
2015-11-26,20258423,FRASIER YR 1 (1) Ep: 118,Series,Sweden,Catch up,2015-12-31,2019-01-06
2015-11-26,20258423,FRASIER YR 1 (1) Ep: 118,Series,Sweden,Catch up,2015-12-31,2019-01-06
2015-11-26,20258423,FRASIER YR 1 (1) Ep: 118,Series,Sweden,Catch up,2015-12-31,2019-01-06
2015-11-26,20258460,FRASIER YR 3,Series,Sweden,Catch up,2015-12-31,2019-01-06
2015-11-26,20258460,FRASIER YR 3,Series,Sweden,Catch up,2015-12-31,2019-01-06
2015-11-26,20258460,FRASIER YR 3,Series,Sweden,Catch up,2015-12-31,2019-01-06
2015-11-26,20258420,FRASIER YR 1 (1) Ep: 115,Series,Sweden,Catch up,2015-12-31,2019-01-06
2015-11-26,20258420,FRASIER YR 1 (1) Ep: 115,Series,Sweden,Catch up,2015-12-31,2019-01-06
2015-11-26,20258420,FRASIER YR 1 (1) Ep: 115,Series,Sweden,Catch up,2015-12-31,2019-01-06
2015-11-26,20258586,FRASIER YR 8,Series,Sweden,Catch up,2016-03-31,2019-04-06
2015-11-26,20258586,FRASIER YR 8,Series,Sweden,Catch up,2016-03-31,2019-04-06
2015-11-26,20258586,FRASIER YR 8,Series,Sweden,Catch up,2016-03-31,2019-04-06
2015-11-26,20258580,FRASIER YR 7 (7) Ep: 724,Series,Sweden,Catch up,2016-03-31,2019-04-06
2015-11-26,20258580,FRASIER YR 7 (7) Ep: 724,Series,Sweden,Catch up,2016-03-31,2019-04-06
2015-11-26,20258580,FRASIER YR 7 (7) Ep: 724,Series,Sweden,Catch up,2016-03-31,2019-04-06
2015-11-26,20258566,FRASIER YR 7 (7) Ep: 710,Series,Sweden,Catch up,2016-03-31,2019-04-06
2015-11-26,20258566,FRASIER YR 7 (7) Ep: 710,Series,Sweden,Catch up,2016-03-31,2019-04-06
2015-11-26,20258566,FRASIER YR 7 (7) Ep: 710,Series,Sweden,Catch up,2016-03-31,2019-04-06
2016-01-11,20258399,NAVY NCIS YR 13,Series,Norway,Catch up,2015-12-31,2019-01-06
2016-01-11,20258399,NAVY NCIS YR 13,Series,Sweden,Catch up,2015-12-31,2019-01-06
2016-01-11,20258399,NAVY NCIS YR 13,Series,Denmark,Catch up,2015-12-31,2019-01-06
2016-01-11,20258399,NAVY NCIS YR 13,Series,Sweden,Catch up,2015-12-31,2019-01-06
2016-01-11,20258399,NAVY NCIS YR 13,Series,Norway,Catch up,2015-12-31,2019-01-06
2016-01-14,20258390,NAVY NCIS YR 13 - NAK/NISH,Series,Sweden,Catch up,2015-12-31,2019-01-06
2016-01-14,20258390,NAVY NCIS YR 13 - NAK/NISH,Series,Denmark,Catch up,2015-12-31,2019-01-06
2016-01-14,20258390,NAVY NCIS YR 13 - NAK/NISH,Series,Norway,Catch up,2015-12-31,2019-01-06
2016-01-14,20258390,NAVY NCIS YR 13 - NAK/NISH,Series,Sweden,Catch up,2015-12-31,2019-01-06
2016-01-14,20258390,NAVY NCIS YR 13 - NAK/NISH,Series,Norway,Catch up,2015-12-31,2019-01-06
2015-11-05,20244970,PARNEVIKS YR 2 16:9 HD  : Ep 205,Series,Sweden,SVOD,2016-02-01,2019-01-31
2015-11-05,20244970,PARNEVIKS YR 2 16:9 HD  : Ep 205,Series,Sweden,Catch up,2016-02-01,2019-01-31
2015-11-05,20244970,PARNEVIKS YR 2 16:9 HD  : Ep 205,Series,Sweden,EST,2016-02-01,2019-01-31
2015-11-05,20244970,PARNEVIKS YR 2 16:9 HD  : Ep 205,Series,Sweden,TVOD,2016-02-01,2019-01-31
2015-11-05,20244970,PARNEVIKS YR 2 16:9 HD  : Ep 205,Series,Sweden,FVOD,2016-02-01,2019-01-31
2015-11-05,20244970,PARNEVIKS YR 2 16:9 HD  : Ep 205,Series,Sweden,AVOD,2016-02-01,2019-01-31
2015-11-05,20244970,PARNEVIKS YR 2 16:9 HD  : Ep 205,Series,Norway,FVOD,2016-02-01,2019-01-31
2015-11-05,20244970,PARNEVIKS YR 2 16:9 HD  : Ep 205,Series,Norway,AVOD,2016-02-01,2019-01-31
2015-11-05,20244970,PARNEVIKS YR 2 16:9 HD  : Ep 205,Series,Norway,Catch up,2016-02-01,2019-01-31
2015-11-05,20244970,PARNEVIKS YR 2 16:9 HD  : Ep 205,Series,Norway,SVOD,2016-02-01,2019-01-31
2015-11-05,20244970,PARNEVIKS YR 2 16:9 HD  : Ep 205,Series,Norway,TVOD,2016-02-01,2019-01-31
2015-11-05,20244970,PARNEVIKS YR 2 16:9 HD  : Ep 205,Series,Norway,EST,2016-02-01,2019-01-31
2015-11-26,20258413,FRASIER YR 1 (1) Ep: 108,Series,Sweden,Catch up,2015-12-31,2019-01-06
2015-11-26,20258413,FRASIER YR 1 (1) Ep: 108,Series,Sweden,Catch up,2015-12-31,2019-01-06
2015-11-26,20258413,FRASIER YR 1 (1) Ep: 108,Series,Sweden,Catch up,2015-12-31,2019-01-06
2016-01-12,20258387,NAVY NCIS YR 13 - Post 21:00,Series,Norway,Catch up,2015-12-31,2019-01-06
2016-01-12,20258387,NAVY NCIS YR 13 - Post 21:00,Series,Norway,Catch up,2015-12-31,2019-01-06
2016-01-12,20258387,NAVY NCIS YR 13 - Post 21:00,Series,Denmark,Catch up,2015-12-31,2019-01-06
2016-01-12,20258387,NAVY NCIS YR 13 - Post 21:00,Series,Sweden,Catch up,2015-12-31,2019-01-06
2016-01-12,20258387,NAVY NCIS YR 13 - Post 21:00,Series,Sweden,Catch up,2015-12-31,2019-01-06
2015-11-26,20258471,FRASIER YR 3,Series,Sweden,Catch up,2015-12-31,2019-01-06
2015-11-26,20258471,FRASIER YR 3,Series,Sweden,Catch up,2015-12-31,2019-01-06
2015-11-26,20258471,FRASIER YR 3,Series,Sweden,Catch up,2015-12-31,2019-01-06
2015-11-26,20258568,FRASIER YR 7 (7) Ep: 712,Series,Sweden,Catch up,2016-03-31,2019-04-06
2015-11-26,20258568,FRASIER YR 7 (7) Ep: 712,Series,Sweden,Catch up,2016-03-31,2019-04-06
2015-11-26,20258568,FRASIER YR 7 (7) Ep: 712,Series,Sweden,Catch up,2016-03-31,2019-04-06
2015-01-08,V43877,Teenage Mutant Ninja Turtles,Series,Sweden,SVOD,2014-10-01,2019-12-31
2015-07-06,V10814,"Night Shift, The",Series,Norway,Catch up,"",""
2015-07-06,V10814,"Night Shift, The",Series,Norway,Simulcast,2014-06-01,2018-05-31
2015-07-06,V10814,"Night Shift, The",Series,Denmark,Simulcast,2014-06-01,2018-05-31
2015-07-06,V10814,"Night Shift, The",Series,Denmark,Catch up,"",""
2015-07-06,V10814,"Night Shift, The",Series,Sweden,Simulcast,2014-06-01,2018-05-31
2015-07-06,V10814,"Night Shift, The",Series,Sweden,Catch up,"",""
2015-07-06,20212134,"Fosters, The (HD)",Series,Denmark,SVOD,2015-08-01,2016-01-31
2015-07-06,20212134,"Fosters, The (HD)",Series,Sweden,SVOD,2015-08-01,2016-01-31
2015-07-06,20212134,"Fosters, The (HD)",Series,Finland,SVOD,2015-08-01,2016-01-31
2015-07-06,20212134,"Fosters, The (HD)",Series,Norway,SVOD,2015-08-01,2016-01-31
2015-01-08,V43885,Teenage Mutant Ninja Turtles,Series,Sweden,SVOD,2014-10-01,2019-12-31
2015-07-06,20212125,"Fosters, The (HD)",Series,Finland,SVOD,2015-08-01,2016-01-31
2015-07-06,20212125,"Fosters, The (HD)",Series,Norway,SVOD,2015-08-01,2016-01-31
2015-07-06,20212125,"Fosters, The (HD)",Series,Denmark,SVOD,2015-08-01,2016-01-31
2015-07-06,20212125,"Fosters, The (HD)",Series,Sweden,SVOD,2015-08-01,2016-01-31
2015-07-06,20198558,"Night Shift, The",Series,Denmark,Simulcast,2015-03-23,2019-03-22
2015-07-06,20198558,"Night Shift, The",Series,Denmark,Catch up,"",""
2015-07-06,20198558,"Night Shift, The",Series,Norway,Catch up,"",""
2015-07-06,20198558,"Night Shift, The",Series,Norway,Simulcast,2015-03-23,2019-03-22
2015-07-06,20198558,"Night Shift, The",Series,Sweden,Catch up,"",""
2015-07-06,20198558,"Night Shift, The",Series,Sweden,Simulcast,2015-03-23,2019-03-22
2015-09-18,20229325,"Greatest Game Ever Played, The","",Denmark,SVOD,2016-03-18,2017-03-17
2015-09-18,20229325,"Greatest Game Ever Played, The","",Sweden,SVOD,2016-03-18,2017-03-17
2015-09-18,20229325,"Greatest Game Ever Played, The","",Finland,SVOD,2016-03-18,2017-03-17
2015-09-18,20229325,"Greatest Game Ever Played, The","",Norway,SVOD,2016-03-18,2017-03-17
2015-09-18,V48537,National Treasure (HD),Movies,Finland,SVOD,2015-04-17,2016-04-14
2015-09-18,V48537,National Treasure (HD),Movies,Norway,SVOD,2015-04-17,2016-04-14
2015-09-18,V48537,National Treasure (HD),Movies,Denmark,SVOD,2015-04-17,2016-04-14
2015-09-18,V48537,National Treasure (HD),Movies,Sweden,SVOD,2015-04-17,2016-04-14
2016-04-20,20299099,AMALIES BABY YR 1,Series,Sweden,AVOD,2016-05-05,2019-05-04
2016-04-20,20299099,AMALIES BABY YR 1,Series,Sweden,SVOD,2016-05-05,2019-05-04
2016-04-20,20299099,AMALIES BABY YR 1,Series,Sweden,FVOD,2016-05-05,2019-05-04
2016-04-20,20299099,AMALIES BABY YR 1,Series,Sweden,Catch up,2016-05-05,2019-05-04
2016-04-20,20299099,AMALIES BABY YR 1,Series,Sweden,TVOD,2016-05-05,2019-05-04
2016-04-20,20299099,AMALIES BABY YR 1,Series,Denmark,FVOD,2016-05-05,2019-05-04
2016-04-20,20299099,AMALIES BABY YR 1,Series,Denmark,Catch up,2016-05-05,2019-05-04
2016-04-20,20299099,AMALIES BABY YR 1,Series,Denmark,TVOD,2016-05-05,2019-05-04
2016-04-20,20299099,AMALIES BABY YR 1,Series,Denmark,AVOD,2016-05-05,2019-05-04
2016-04-20,20299099,AMALIES BABY YR 1,Series,Denmark,SVOD,2016-05-05,2019-05-04
2016-04-20,20303676,"GOOD WIFE, THE YR5 (5) Ep: 21",Series,Norway,SVOD,2016-07-01,2017-12-31
2016-04-20,20303676,"GOOD WIFE, THE YR5 (5) Ep: 21",Series,Denmark,SVOD,2016-07-01,2017-12-31
2016-04-20,20303676,"GOOD WIFE, THE YR5 (5) Ep: 21",Series,Finland,SVOD,2016-07-01,2017-12-31
2016-04-20,20303676,"GOOD WIFE, THE YR5 (5) Ep: 21",Series,Sweden,SVOD,2016-07-01,2017-12-31
2016-04-20,20303674,"GOOD WIFE, THE YR5 (5) Ep: 19",Series,Norway,SVOD,2016-07-01,2017-12-31
2016-04-20,20303674,"GOOD WIFE, THE YR5 (5) Ep: 19",Series,Denmark,SVOD,2016-07-01,2017-12-31
2016-04-20,20303674,"GOOD WIFE, THE YR5 (5) Ep: 19",Series,Finland,SVOD,2016-07-01,2017-12-31
2016-04-20,20303674,"GOOD WIFE, THE YR5 (5) Ep: 19",Series,Sweden,SVOD,2016-07-01,2017-12-31
2016-04-20,20303671,"GOOD WIFE, THE YR5 (5) Ep: 16",Series,Sweden,SVOD,2016-07-01,2017-12-31
2016-04-20,20303671,"GOOD WIFE, THE YR5 (5) Ep: 16",Series,Norway,SVOD,2016-07-01,2017-12-31
2016-04-20,20303671,"GOOD WIFE, THE YR5 (5) Ep: 16",Series,Denmark,SVOD,2016-07-01,2017-12-31
2016-04-20,20303671,"GOOD WIFE, THE YR5 (5) Ep: 16",Series,Finland,SVOD,2016-07-01,2017-12-31
2016-04-20,20303668,"GOOD WIFE, THE YR5 (5) Ep: 13",Series,Norway,SVOD,2016-07-01,2017-12-31
2016-04-20,20303668,"GOOD WIFE, THE YR5 (5) Ep: 13",Series,Denmark,SVOD,2016-07-01,2017-12-31
2016-04-20,20303668,"GOOD WIFE, THE YR5 (5) Ep: 13",Series,Finland,SVOD,2016-07-01,2017-12-31
2016-04-20,20303668,"GOOD WIFE, THE YR5 (5) Ep: 13",Series,Sweden,SVOD,2016-07-01,2017-12-31
2016-04-20,20303663,"GOOD WIFE, THE YR5 (5) Ep: 8",Series,Norway,SVOD,2016-07-01,2017-12-31
2016-04-20,20303663,"GOOD WIFE, THE YR5 (5) Ep: 8",Series,Denmark,SVOD,2016-07-01,2017-12-31
2016-04-20,20303663,"GOOD WIFE, THE YR5 (5) Ep: 8",Series,Finland,SVOD,2016-07-01,2017-12-31
2016-04-20,20303663,"GOOD WIFE, THE YR5 (5) Ep: 8",Series,Sweden,SVOD,2016-07-01,2017-12-31
2016-04-20,20303641,"GOOD WIFE, THE YR4 (4) Ep: 9",Series,Norway,SVOD,2016-07-01,2017-12-31
2016-04-20,20303641,"GOOD WIFE, THE YR4 (4) Ep: 9",Series,Denmark,SVOD,2016-07-01,2017-12-31
2016-04-20,20303641,"GOOD WIFE, THE YR4 (4) Ep: 9",Series,Finland,SVOD,2016-07-01,2017-12-31
2016-04-20,20303641,"GOOD WIFE, THE YR4 (4) Ep: 9",Series,Sweden,SVOD,2016-07-01,2017-12-31
2016-04-20,20303594,"GOOD WIFE, THE YR2 (2) Ep: 9",Series,Sweden,SVOD,2016-07-01,2017-12-31
2016-04-20,20303594,"GOOD WIFE, THE YR2 (2) Ep: 9",Series,Norway,SVOD,2016-07-01,2017-12-31
2016-04-20,20303594,"GOOD WIFE, THE YR2 (2) Ep: 9",Series,Denmark,SVOD,2016-07-01,2017-12-31
2016-04-20,20303594,"GOOD WIFE, THE YR2 (2) Ep: 9",Series,Finland,SVOD,2016-07-01,2017-12-31
2016-04-20,20303593,"GOOD WIFE, THE YR2 (2) Ep: 8",Series,Sweden,SVOD,2016-07-01,2017-12-31
2016-04-20,20303593,"GOOD WIFE, THE YR2 (2) Ep: 8",Series,Norway,SVOD,2016-07-01,2017-12-31
2016-04-20,20303593,"GOOD WIFE, THE YR2 (2) Ep: 8",Series,Denmark,SVOD,2016-07-01,2017-12-31
2016-04-20,20303593,"GOOD WIFE, THE YR2 (2) Ep: 8",Series,Finland,SVOD,2016-07-01,2017-12-31
2016-04-20,20303578,"GOOD WIFE, THE YR1 (1) Ep: 17",Series,Finland,SVOD,2016-07-01,2017-12-31
2016-04-20,20303578,"GOOD WIFE, THE YR1 (1) Ep: 17",Series,Sweden,SVOD,2016-07-01,2017-12-31
2016-04-20,20303578,"GOOD WIFE, THE YR1 (1) Ep: 17",Series,Norway,SVOD,2016-07-01,2017-12-31
2016-04-20,20303578,"GOOD WIFE, THE YR1 (1) Ep: 17",Series,Denmark,SVOD,2016-07-01,2017-12-31
2015-06-09,20209076,South Park,Series,Denmark,SVOD,2015-07-01,2017-06-30
2015-06-09,20209076,South Park,Series,Sweden,SVOD,2015-07-01,2017-06-30
2015-06-09,20209076,South Park,Series,Sweden,AVOD,2015-05-01,2017-06-30
2015-06-09,20209076,South Park,Series,Finland,SVOD,2015-07-01,2017-06-30
2015-06-09,20209076,South Park,Series,Norway,AVOD,2015-05-01,2017-06-30
2015-06-09,20209076,South Park,Series,Denmark,AVOD,2015-05-01,2017-06-30
2015-06-09,20209076,South Park,Series,Norway,SVOD,2015-07-01,2017-06-30
2015-06-09,20209090,South Park,Series,Denmark,SVOD,2015-07-01,2017-06-30
2015-06-09,20209090,South Park,Series,Sweden,SVOD,2015-07-01,2017-06-30
2015-06-09,20209090,South Park,Series,Sweden,AVOD,2015-05-01,2017-06-30
2015-06-09,20209090,South Park,Series,Finland,SVOD,2015-07-01,2017-06-30
2015-06-09,20209090,South Park,Series,Norway,AVOD,2015-05-01,2017-06-30
2015-06-09,20209090,South Park,Series,Denmark,AVOD,2015-05-01,2017-06-30
2015-06-09,20209090,South Park,Series,Norway,SVOD,2015-07-01,2017-06-30
2015-06-09,20209077,South Park,Series,Finland,SVOD,2015-07-01,2017-06-30
2015-06-09,20209077,South Park,Series,Norway,SVOD,2015-07-01,2017-06-30
2015-06-09,20209077,South Park,Series,Norway,AVOD,2015-05-01,2017-06-30
2015-06-09,20209077,South Park,Series,Denmark,AVOD,2015-05-01,2017-06-30
2015-06-09,20209077,South Park,Series,Denmark,SVOD,2015-07-01,2017-06-30
2015-06-09,20209077,South Park,Series,Sweden,SVOD,2015-07-01,2017-06-30
2015-06-09,20209077,South Park,Series,Sweden,AVOD,2015-05-01,2017-06-30
2016-01-19,20242059,MOZART IN THE JUNGLE YR 2 (2) Ep: 210,Series,Denmark,Catch up,2015-12-25,2020-01-28
2016-01-19,20242059,MOZART IN THE JUNGLE YR 2 (2) Ep: 210,Series,Norway,SVOD,2016-01-01,2016-12-31
2016-01-19,20242059,MOZART IN THE JUNGLE YR 2 (2) Ep: 210,Series,Sweden,Catch up,2015-12-25,2020-01-28
2016-01-19,20242059,MOZART IN THE JUNGLE YR 2 (2) Ep: 210,Series,Norway,Catch up,2015-12-25,2020-01-28
2016-01-19,20242059,MOZART IN THE JUNGLE YR 2 (2) Ep: 210,Series,Sweden,SVOD,2016-01-01,2016-12-31
2016-01-19,20242059,MOZART IN THE JUNGLE YR 2 (2) Ep: 210,Series,Denmark,SVOD,2016-01-01,2016-12-31
2016-01-19,20276722,TATTOO SALONEN,Series,Denmark,AVOD,2016-02-22,2100-01-01
2016-01-19,20276722,TATTOO SALONEN,Series,Denmark,Catch up,2016-02-22,2100-01-01
2016-01-19,20276722,TATTOO SALONEN,Series,Denmark,TVOD,2016-02-22,2100-01-01
2016-01-19,20276722,TATTOO SALONEN,Series,Denmark,SVOD,2016-02-22,2100-01-01
2016-01-19,20276722,TATTOO SALONEN,Series,Denmark,FVOD,2016-02-22,2100-01-01
2016-02-11,20262880,LYXFÄLLAN YR 20 16:9 HD,Series,Sweden,TVOD,2016-01-25,2019-01-24
2016-02-11,20262880,LYXFÄLLAN YR 20 16:9 HD,Series,Sweden,SVOD,2016-01-25,2019-01-24
2016-02-11,20262880,LYXFÄLLAN YR 20 16:9 HD,Series,Sweden,AVOD,2016-01-25,2019-01-24
2016-02-11,20262880,LYXFÄLLAN YR 20 16:9 HD,Series,Sweden,EST,2016-01-25,2019-01-24
2016-02-11,20262880,LYXFÄLLAN YR 20 16:9 HD,Series,Sweden,Catch up,2016-01-25,2019-01-24
2016-02-11,20262880,LYXFÄLLAN YR 20 16:9 HD,Series,Sweden,FVOD,2016-01-25,2019-01-24
2016-02-11,20262880,LYXFÄLLAN YR 20 16:9 HD,Series,Norway,Catch up,2016-06-01,2100-01-01
2016-02-11,20282675,Shannara Chronicles (1) Ep: 10,Series,Norway,TVOD,2016-05-09,2100-01-01
2016-02-11,20282675,Shannara Chronicles (1) Ep: 10,Series,Norway,TVOD,2016-05-09,2100-01-01
2016-02-11,20282675,Shannara Chronicles (1) Ep: 10,Series,Denmark,SVOD,2017-01-15,2019-01-14
2016-02-11,20282675,Shannara Chronicles (1) Ep: 10,Series,Norway,SVOD,2017-01-15,2019-01-14
2016-02-11,20282675,Shannara Chronicles (1) Ep: 10,Series,Sweden,SVOD,2017-01-15,2019-01-14
2016-02-11,20282675,Shannara Chronicles (1) Ep: 10,Series,Finland,SVOD,2017-01-15,2019-01-14
2016-02-11,20282675,Shannara Chronicles (1) Ep: 10,Series,Denmark,TVOD,2017-01-15,2019-01-14
2016-02-11,20282675,Shannara Chronicles (1) Ep: 10,Series,Norway,TVOD,2017-01-15,2019-01-14
2016-02-11,20282675,Shannara Chronicles (1) Ep: 10,Series,Sweden,TVOD,2017-01-15,2019-01-14
2016-02-11,20282675,Shannara Chronicles (1) Ep: 10,Series,Finland,TVOD,2017-01-15,2019-01-14
2016-02-11,20282675,Shannara Chronicles (1) Ep: 10,Series,Sweden,Catch up,2017-01-15,2019-02-13
2016-02-11,20282675,Shannara Chronicles (1) Ep: 10,Series,Norway,Catch up,2017-01-15,2019-02-13
2016-02-11,20282675,Shannara Chronicles (1) Ep: 10,Series,Denmark,Catch up,2017-01-15,2019-02-13
2015-06-10,V05538,R.I.P.D. (HD),Movies,Finland,TVOD,2014-01-08,2014-07-06
2015-06-10,V05538,R.I.P.D. (HD),Movies,Finland,TVOD,2014-01-08,2014-07-06
2015-06-10,V05538,R.I.P.D. (HD),Movies,Finland,TVOD,2014-01-08,2014-07-06
2015-06-10,V05538,R.I.P.D. (HD),Movies,Finland,TVOD,2014-01-08,2014-07-06
2015-06-10,V05538,R.I.P.D. (HD),Movies,Finland,TVOD,2014-01-08,2014-07-06
2015-06-10,V05538,R.I.P.D. (HD),Movies,Finland,TVOD,2014-01-08,2014-07-06
2015-06-10,V05538,R.I.P.D. (HD),Movies,Finland,TVOD,2014-01-08,2014-07-06
2015-06-10,V05538,R.I.P.D. (HD),Movies,Finland,TVOD,2014-01-08,2014-07-06
2015-06-10,V05538,R.I.P.D. (HD),Movies,Finland,TVOD,2014-01-08,2014-07-06
2015-06-10,V05538,R.I.P.D. (HD),Movies,Finland,TVOD,2014-01-08,2014-07-06
2015-06-10,V05538,R.I.P.D. (HD),Movies,Sweden,TVOD,2014-01-08,2014-07-06
2015-06-10,V05538,R.I.P.D. (HD),Movies,Sweden,TVOD,2014-01-08,2014-07-06
2015-06-10,V05538,R.I.P.D. (HD),Movies,Sweden,TVOD,2014-01-08,2014-07-06
2015-06-10,V05538,R.I.P.D. (HD),Movies,Sweden,TVOD,2014-01-08,2014-07-06
2015-06-10,V05538,R.I.P.D. (HD),Movies,Sweden,TVOD,2014-01-08,2014-07-06
2015-06-10,V05538,R.I.P.D. (HD),Movies,Sweden,TVOD,2014-01-08,2014-07-06
2015-06-10,V05538,R.I.P.D. (HD),Movies,Sweden,TVOD,2014-01-08,2014-07-06
2015-06-10,V05538,R.I.P.D. (HD),Movies,Sweden,TVOD,2014-01-08,2014-07-06
2015-06-10,V05538,R.I.P.D. (HD),Movies,Sweden,TVOD,2014-01-08,2014-07-06
2015-06-10,V05538,R.I.P.D. (HD),Movies,Sweden,TVOD,2014-01-08,2014-07-06
2015-06-10,V05538,R.I.P.D. (HD),Movies,Norway,TVOD,2013-12-09,2014-05-18
2015-06-10,V05538,R.I.P.D. (HD),Movies,Norway,TVOD,2013-12-09,2014-05-18
2015-06-10,V05538,R.I.P.D. (HD),Movies,Norway,TVOD,2013-12-09,2014-05-18
2015-06-10,V05538,R.I.P.D. (HD),Movies,Norway,TVOD,2013-12-09,2014-05-18
2015-06-10,V05538,R.I.P.D. (HD),Movies,Norway,TVOD,2013-12-09,2014-05-18
2015-06-10,V05538,R.I.P.D. (HD),Movies,Norway,TVOD,2013-12-09,2014-05-18
2015-06-10,V05538,R.I.P.D. (HD),Movies,Norway,TVOD,2013-12-09,2014-05-18
2015-06-10,V05538,R.I.P.D. (HD),Movies,Norway,TVOD,2013-12-09,2014-05-18
2015-06-10,V05538,R.I.P.D. (HD),Movies,Norway,TVOD,2013-12-09,2014-05-18
2015-06-10,V05538,R.I.P.D. (HD),Movies,Norway,TVOD,2013-12-09,2014-05-18
2015-06-10,V05538,R.I.P.D. (HD),Movies,Denmark,TVOD,2013-12-27,2014-05-19
2015-06-10,V05538,R.I.P.D. (HD),Movies,Denmark,TVOD,2013-12-27,2014-05-19
2015-06-10,V05538,R.I.P.D. (HD),Movies,Denmark,TVOD,2013-12-27,2014-05-19
2015-06-10,V05538,R.I.P.D. (HD),Movies,Denmark,TVOD,2013-12-27,2014-05-19
2015-06-10,V05538,R.I.P.D. (HD),Movies,Denmark,TVOD,2013-12-27,2014-05-19
2015-06-10,V05538,R.I.P.D. (HD),Movies,Denmark,TVOD,2013-12-27,2014-05-19
2015-06-10,V05538,R.I.P.D. (HD),Movies,Denmark,TVOD,2013-12-27,2014-05-19
2015-06-10,V05538,R.I.P.D. (HD),Movies,Denmark,TVOD,2013-12-27,2014-05-19
2015-06-10,V05538,R.I.P.D. (HD),Movies,Denmark,TVOD,2013-12-27,2014-05-19
2015-06-10,V05538,R.I.P.D. (HD),Movies,Denmark,TVOD,2013-12-27,2014-05-19
2015-11-02,20247801,Community,Series,Norway,SVOD,2015-11-01,2016-10-31
2015-11-02,20247801,Community,Series,Sweden,Catch up,"",""
2015-11-02,20247801,Community,Series,Sweden,SVOD,"",""
2015-11-02,20247801,Community,Series,Finland,SVOD,"",""
2015-11-02,20247801,Community,Series,Norway,SVOD,"",""
2015-11-02,20247801,Community,Series,Norway,Catch up,"",""
2015-11-02,20247801,Community,Series,Norway,SVOD,"",""
2015-11-02,20247801,Community,Series,Finland,SVOD,2015-11-01,2016-10-31
2015-11-02,20247801,Community,Series,Sweden,SVOD,"",""
2015-11-02,20247801,Community,Series,Denmark,SVOD,"",""
2015-11-02,20247801,Community,Series,Denmark,Catch up,"",""
2015-11-02,20247801,Community,Series,Sweden,SVOD,2015-11-01,2016-10-31
2015-11-02,20247801,Community,Series,Denmark,SVOD,2015-11-01,2016-10-31
2015-11-02,20247801,Community,Series,Denmark,SVOD,"",""
2015-11-02,20247807,Community,Series,Norway,SVOD,2015-11-01,2016-10-31
2015-11-02,20247807,Community,Series,Sweden,Catch up,"",""
2015-11-02,20247807,Community,Series,Sweden,SVOD,"",""
2015-11-02,20247807,Community,Series,Finland,SVOD,"",""
2015-11-02,20247807,Community,Series,Norway,SVOD,"",""
2015-11-02,20247807,Community,Series,Norway,Catch up,"",""
2015-11-02,20247807,Community,Series,Norway,SVOD,"",""
2015-11-02,20247807,Community,Series,Finland,SVOD,2015-11-01,2016-10-31
2015-11-02,20247807,Community,Series,Sweden,SVOD,"",""
2015-11-02,20247807,Community,Series,Denmark,SVOD,"",""
2015-11-02,20247807,Community,Series,Denmark,Catch up,"",""
2015-11-02,20247807,Community,Series,Sweden,SVOD,2015-11-01,2016-10-31
2015-11-02,20247807,Community,Series,Denmark,SVOD,2015-11-01,2016-10-31
2015-11-02,20247807,Community,Series,Denmark,SVOD,"",""
2015-04-08,S22371,Seinfeld,Series,Denmark,SVOD,"",""
2015-04-08,S22371,Seinfeld,Series,Norway,Simulcast,"",""
2015-04-08,S22371,Seinfeld,Series,Norway,SVOD,2016-03-01,2016-05-31
2015-04-08,S22371,Seinfeld,Series,Norway,Catch up,"",""
2015-04-08,S22371,Seinfeld,Series,Norway,SVOD,2015-03-01,2016-02-29
2015-04-08,S22371,Seinfeld,Series,Denmark,SVOD,2015-03-01,2016-02-29
2015-04-08,S22371,Seinfeld,Series,Finland,SVOD,"",""
2015-04-08,S22371,Seinfeld,Series,Denmark,SVOD,2014-03-01,2014-05-31
2015-04-08,S22371,Seinfeld,Series,Denmark,Simulcast,"",""
2015-04-08,S22371,Seinfeld,Series,Denmark,Catch up,"",""
2015-04-08,S22371,Seinfeld,Series,Norway,SVOD,"",""
2015-04-08,S22371,Seinfeld,Series,Sweden,SVOD,2015-03-01,2016-02-29
2015-04-08,S22371,Seinfeld,Series,Sweden,SVOD,"",""
2015-04-08,S22371,Seinfeld,Series,Finland,SVOD,2015-03-01,2016-02-29
2015-04-08,S22371,Seinfeld,Series,Sweden,Catch up,"",""
2015-04-08,S22371,Seinfeld,Series,Sweden,SVOD,2016-03-01,2016-05-31
2015-04-08,S22371,Seinfeld,Series,Sweden,Simulcast,"",""
2015-11-06,20254278,Arne Dahl (1) Ep: 2,Mini Series,Denmark,SVOD,2015-12-24,2019-12-23
2015-11-06,20254278,Arne Dahl (1) Ep: 2,Mini Series,Norway,SVOD,2015-12-24,2019-12-23
2015-11-06,20254278,Arne Dahl (1) Ep: 2,Mini Series,Sweden,SVOD,2015-12-24,2019-12-23
2015-11-06,20254278,Arne Dahl (1) Ep: 2,Mini Series,Finland,SVOD,2015-12-24,2019-12-23
2015-11-02,20247799,Community,Series,Denmark,SVOD,"",""
2015-11-02,20247799,Community,Series,Sweden,Catch up,"",""
2015-11-02,20247799,Community,Series,Sweden,SVOD,"",""
2015-11-02,20247799,Community,Series,Denmark,SVOD,2015-11-01,2016-10-31
2015-11-02,20247799,Community,Series,Finland,SVOD,"",""
2015-11-02,20247799,Community,Series,Norway,SVOD,2015-11-01,2016-10-31
2015-11-02,20247799,Community,Series,Norway,Catch up,"",""
2015-11-02,20247799,Community,Series,Norway,SVOD,"",""
2015-11-02,20247799,Community,Series,Finland,SVOD,2015-11-01,2016-10-31
2015-11-02,20247799,Community,Series,Norway,SVOD,"",""
2015-11-02,20247799,Community,Series,Sweden,SVOD,2015-11-01,2016-10-31
2015-11-02,20247799,Community,Series,Sweden,SVOD,"",""
2015-11-02,20247799,Community,Series,Denmark,SVOD,"",""
2015-11-02,20247799,Community,Series,Denmark,Catch up,"",""
2015-04-07,S22339,Seinfeld,Series,Denmark,SVOD,2014-03-01,2014-05-31
2015-04-07,S22339,Seinfeld,Series,Denmark,Simulcast,"",""
2015-04-07,S22339,Seinfeld,Series,Denmark,Catch up,"",""
2015-04-07,S22339,Seinfeld,Series,Norway,SVOD,"",""
2015-04-07,S22339,Seinfeld,Series,Sweden,SVOD,2015-03-01,2016-02-29
2015-04-07,S22339,Seinfeld,Series,Sweden,SVOD,"",""
2015-04-07,S22339,Seinfeld,Series,Finland,SVOD,2015-03-01,2016-02-29
2015-04-07,S22339,Seinfeld,Series,Sweden,Catch up,"",""
2015-04-07,S22339,Seinfeld,Series,Sweden,Simulcast,"",""
2015-04-07,S22339,Seinfeld,Series,Sweden,SVOD,2016-03-01,2016-05-31
2015-04-07,S22339,Seinfeld,Series,Denmark,SVOD,"",""
2015-04-07,S22339,Seinfeld,Series,Denmark,SVOD,2015-03-01,2016-02-29
2015-04-07,S22339,Seinfeld,Series,Norway,Catch up,"",""
2015-04-07,S22339,Seinfeld,Series,Norway,Simulcast,"",""
2015-04-07,S22339,Seinfeld,Series,Norway,SVOD,2016-03-01,2016-05-31
2015-04-07,S22339,Seinfeld,Series,Norway,SVOD,2015-03-01,2016-02-29
2015-04-07,S22339,Seinfeld,Series,Finland,SVOD,"",""
2015-04-08,S22372,Seinfeld,Series,Sweden,Catch up,"",""
2015-04-08,S22372,Seinfeld,Series,Sweden,SVOD,2016-03-01,2016-05-31
2015-04-08,S22372,Seinfeld,Series,Sweden,Simulcast,"",""
2015-04-08,S22372,Seinfeld,Series,Sweden,SVOD,"",""
2015-04-08,S22372,Seinfeld,Series,Finland,SVOD,2015-03-01,2016-02-29
2015-04-08,S22372,Seinfeld,Series,Norway,Simulcast,"",""
2015-04-08,S22372,Seinfeld,Series,Norway,SVOD,2016-03-01,2016-05-31
2015-04-08,S22372,Seinfeld,Series,Norway,Catch up,"",""
2015-04-08,S22372,Seinfeld,Series,Denmark,SVOD,"",""
2015-04-08,S22372,Seinfeld,Series,Denmark,SVOD,2015-03-01,2016-02-29
2015-04-08,S22372,Seinfeld,Series,Finland,SVOD,"",""
2015-04-08,S22372,Seinfeld,Series,Denmark,SVOD,2014-03-01,2014-05-31
2015-04-08,S22372,Seinfeld,Series,Denmark,Simulcast,"",""
2015-04-08,S22372,Seinfeld,Series,Denmark,Catch up,"",""
2015-04-08,S22372,Seinfeld,Series,Norway,SVOD,2015-03-01,2016-02-29
2015-04-08,S22372,Seinfeld,Series,Sweden,SVOD,2015-03-01,2016-02-29
2015-04-08,S22372,Seinfeld,Series,Norway,SVOD,"",""
2015-10-27,V34717,Community,Series,Finland,SVOD,2015-11-01,2016-10-31
2015-10-27,V34717,Community,Series,Denmark,Catch up,"",""
2015-10-27,V34717,Community,Series,Denmark,SVOD,"",""
2015-10-27,V34717,Community,Series,Finland,SVOD,"",""
2015-10-27,V34717,Community,Series,Denmark,SVOD,2014-09-01,2015-08-31
2015-10-27,V34717,Community,Series,Norway,SVOD,"",""
2015-10-27,V34717,Community,Series,Norway,SVOD,2015-11-01,2016-10-31
2015-10-27,V34717,Community,Series,Denmark,SVOD,2015-11-01,2016-10-31
2015-10-27,V34717,Community,Series,Norway,SVOD,"",""
2015-10-27,V34717,Community,Series,Norway,Catch up,"",""
2015-10-27,V34717,Community,Series,Norway,SVOD,2014-09-01,2015-08-31
2015-10-27,V34717,Community,Series,Sweden,SVOD,"",""
2015-10-27,V34717,Community,Series,Sweden,Catch up,"",""
2015-10-27,V34717,Community,Series,Sweden,SVOD,"",""
2015-10-27,V34717,Community,Series,Finland,SVOD,2014-09-01,2015-08-31
2015-10-27,V34717,Community,Series,Denmark,SVOD,"",""
2015-10-27,V34717,Community,Series,Sweden,SVOD,2015-11-01,2016-10-31
2015-10-27,V34717,Community,Series,Sweden,SVOD,2014-09-01,2015-08-31
2015-10-28,V28724,Community,Series,Norway,SVOD,"",""
2015-10-28,V28724,Community,Series,Norway,SVOD,2015-11-01,2016-10-31
2015-10-28,V28724,Community,Series,Sweden,Catch up,"",""
2015-10-28,V28724,Community,Series,Sweden,SVOD,"",""
2015-10-28,V28724,Community,Series,Denmark,SVOD,2014-09-01,2015-08-31
2015-10-28,V28724,Community,Series,Sweden,SVOD,"",""
2015-10-28,V28724,Community,Series,Denmark,SVOD,2015-11-01,2016-10-31
2015-10-28,V28724,Community,Series,Norway,SVOD,2014-09-01,2015-08-31
2015-10-28,V28724,Community,Series,Denmark,SVOD,"",""
2015-10-28,V28724,Community,Series,Sweden,SVOD,2015-11-01,2016-10-31
2015-10-28,V28724,Community,Series,Norway,Catch up,"",""
2015-10-28,V28724,Community,Series,Norway,SVOD,"",""
2015-10-28,V28724,Community,Series,Finland,SVOD,2014-09-01,2015-08-31
2015-10-28,V28724,Community,Series,Finland,SVOD,2015-11-01,2016-10-31
2015-10-28,V28724,Community,Series,Denmark,SVOD,"",""
2015-10-28,V28724,Community,Series,Denmark,Catch up,"",""
2015-10-28,V28724,Community,Series,Finland,SVOD,"",""
2015-10-28,V28724,Community,Series,Sweden,SVOD,2014-09-01,2015-08-31
2015-10-20,S22814,Seinfeld,Series,Sweden,Catch up,"",""
2015-10-20,S22814,Seinfeld,Series,Sweden,Simulcast,"",""
2015-10-20,S22814,Seinfeld,Series,Sweden,SVOD,2014-03-01,2014-05-31
2015-10-20,S22814,Seinfeld,Series,Norway,SVOD,"",""
2015-10-20,S22814,Seinfeld,Series,Denmark,Catch up,"",""
2015-10-20,S22814,Seinfeld,Series,Denmark,Simulcast,"",""
2015-10-20,S22814,Seinfeld,Series,Denmark,SVOD,2014-03-01,2014-05-31
2015-10-20,S22814,Seinfeld,Series,Sweden,Catch up,"",""
2015-10-20,S22814,Seinfeld,Series,Sweden,SVOD,"",""
2015-10-20,S22814,Seinfeld,Series,Sweden,SVOD,"",""
2015-10-20,S22814,Seinfeld,Series,Denmark,SVOD,2015-03-01,2016-02-29
2015-10-20,S22814,Seinfeld,Series,Denmark,SVOD,"",""
2015-10-20,S22814,Seinfeld,Series,Norway,SVOD,2016-03-01,2016-05-31
2015-10-20,S22814,Seinfeld,Series,Norway,Catch up,"",""
2015-10-20,S22814,Seinfeld,Series,Norway,Simulcast,"",""
2015-10-20,S22814,Seinfeld,Series,Norway,SVOD,2015-03-01,2016-02-29
2015-10-20,S22814,Seinfeld,Series,Sweden,SVOD,2015-03-01,2016-02-29
2015-10-20,S22814,Seinfeld,Series,Finland,SVOD,"",""
2015-10-20,S22814,Seinfeld,Series,Finland,SVOD,2015-03-01,2016-02-29
2015-04-08,S22364,Seinfeld,Series,Finland,SVOD,2015-03-01,2016-02-29
2015-04-08,S22364,Seinfeld,Series,Denmark,SVOD,"",""
2015-04-08,S22364,Seinfeld,Series,Denmark,SVOD,2015-03-01,2016-02-29
2015-04-08,S22364,Seinfeld,Series,Norway,Simulcast,"",""
2015-04-08,S22364,Seinfeld,Series,Norway,SVOD,2016-03-01,2016-05-31
2015-04-08,S22364,Seinfeld,Series,Norway,Catch up,"",""
2015-04-08,S22364,Seinfeld,Series,Finland,SVOD,"",""
2015-04-08,S22364,Seinfeld,Series,Denmark,SVOD,2014-03-01,2014-05-31
2015-04-08,S22364,Seinfeld,Series,Denmark,Simulcast,"",""
2015-04-08,S22364,Seinfeld,Series,Denmark,Catch up,"",""
2015-04-08,S22364,Seinfeld,Series,Norway,SVOD,2015-03-01,2016-02-29
2015-04-08,S22364,Seinfeld,Series,Sweden,SVOD,2015-03-01,2016-02-29
2015-04-08,S22364,Seinfeld,Series,Norway,SVOD,"",""
2015-04-08,S22364,Seinfeld,Series,Sweden,Catch up,"",""
2015-04-08,S22364,Seinfeld,Series,Sweden,SVOD,2016-03-01,2016-05-31
2015-04-08,S22364,Seinfeld,Series,Sweden,Simulcast,"",""
2015-04-08,S22364,Seinfeld,Series,Sweden,SVOD,"",""
2015-04-08,S22380,Seinfeld,Series,Denmark,SVOD,2015-03-01,2016-02-29
2015-04-08,S22380,Seinfeld,Series,Finland,SVOD,"",""
2015-04-08,S22380,Seinfeld,Series,Denmark,Simulcast,"",""
2015-04-08,S22380,Seinfeld,Series,Denmark,Catch up,"",""
2015-04-08,S22380,Seinfeld,Series,Denmark,SVOD,2014-03-01,2014-05-31
2015-04-08,S22380,Seinfeld,Series,Norway,SVOD,2015-03-01,2016-02-29
2015-04-08,S22380,Seinfeld,Series,Norway,SVOD,"",""
2015-04-08,S22380,Seinfeld,Series,Sweden,SVOD,2015-03-01,2016-02-29
2015-04-08,S22380,Seinfeld,Series,Sweden,SVOD,"",""
2015-04-08,S22380,Seinfeld,Series,Finland,SVOD,2015-03-01,2016-02-29
2015-04-08,S22380,Seinfeld,Series,Sweden,SVOD,2016-03-01,2016-05-31
2015-04-08,S22380,Seinfeld,Series,Sweden,Simulcast,"",""
2015-04-08,S22380,Seinfeld,Series,Sweden,Catch up,"",""
2015-04-08,S22380,Seinfeld,Series,Norway,SVOD,2016-03-01,2016-05-31
2015-04-08,S22380,Seinfeld,Series,Norway,Catch up,"",""
2015-04-08,S22380,Seinfeld,Series,Norway,Simulcast,"",""
2015-04-08,S22380,Seinfeld,Series,Denmark,SVOD,"",""
2015-10-28,V28695,Community,Series,Norway,SVOD,2015-11-01,2016-10-31
2015-10-28,V28695,Community,Series,Norway,SVOD,2014-09-01,2015-08-31
2015-10-28,V28695,Community,Series,Norway,SVOD,"",""
2015-10-28,V28695,Community,Series,Finland,SVOD,2014-09-01,2015-08-31
2015-10-28,V28695,Community,Series,Denmark,SVOD,2015-11-01,2016-10-31
2015-10-28,V28695,Community,Series,Denmark,SVOD,"",""
2015-10-28,V28695,Community,Series,Denmark,Catch up,"",""
2015-10-28,V28695,Community,Series,Sweden,SVOD,"",""
2015-10-28,V28695,Community,Series,Sweden,Catch up,"",""
2015-10-28,V28695,Community,Series,Sweden,SVOD,"",""
2015-10-28,V28695,Community,Series,Denmark,SVOD,2014-09-01,2015-08-31
2015-10-28,V28695,Community,Series,Denmark,SVOD,"",""
2015-10-28,V28695,Community,Series,Sweden,SVOD,2015-11-01,2016-10-31
2015-10-28,V28695,Community,Series,Norway,SVOD,"",""
2015-10-28,V28695,Community,Series,Norway,Catch up,"",""
2015-10-28,V28695,Community,Series,Sweden,SVOD,2014-09-01,2015-08-31
2015-10-28,V28695,Community,Series,Finland,SVOD,"",""
2015-10-28,V28695,Community,Series,Finland,SVOD,2015-11-01,2016-10-31
2015-10-20,S22815,Seinfeld,Series,Sweden,SVOD,"",""
2015-10-20,S22815,Seinfeld,Series,Denmark,SVOD,2015-03-01,2016-02-29
2015-10-20,S22815,Seinfeld,Series,Denmark,SVOD,"",""
2015-10-20,S22815,Seinfeld,Series,Norway,SVOD,2016-03-01,2016-05-31
2015-10-20,S22815,Seinfeld,Series,Norway,Catch up,"",""
2015-10-20,S22815,Seinfeld,Series,Norway,Simulcast,"",""
2015-10-20,S22815,Seinfeld,Series,Norway,SVOD,2015-03-01,2016-02-29
2015-10-20,S22815,Seinfeld,Series,Finland,SVOD,"",""
2015-10-20,S22815,Seinfeld,Series,Sweden,Simulcast,"",""
2015-10-20,S22815,Seinfeld,Series,Sweden,SVOD,2014-03-01,2014-05-31
2015-10-20,S22815,Seinfeld,Series,Sweden,Catch up,"",""
2015-10-20,S22815,Seinfeld,Series,Sweden,SVOD,2015-03-01,2016-02-29
2015-10-20,S22815,Seinfeld,Series,Finland,SVOD,2015-03-01,2016-02-29
2015-10-20,S22815,Seinfeld,Series,Norway,SVOD,"",""
2015-10-20,S22815,Seinfeld,Series,Denmark,Catch up,"",""
2015-10-20,S22815,Seinfeld,Series,Denmark,Simulcast,"",""
2015-10-20,S22815,Seinfeld,Series,Denmark,SVOD,2014-03-01,2014-05-31
2015-10-20,S22815,Seinfeld,Series,Sweden,Catch up,"",""
2015-10-20,S22815,Seinfeld,Series,Sweden,SVOD,"",""
2015-10-27,V34698,Community,Series,Norway,SVOD,"",""
2015-10-27,V34698,Community,Series,Norway,Catch up,"",""
2015-10-27,V34698,Community,Series,Norway,SVOD,2014-09-01,2015-08-31
2015-10-27,V34698,Community,Series,Sweden,SVOD,"",""
2015-10-27,V34698,Community,Series,Denmark,SVOD,2015-11-01,2016-10-31
2015-10-27,V34698,Community,Series,Finland,SVOD,2014-09-01,2015-08-31
2015-10-27,V34698,Community,Series,Denmark,SVOD,"",""
2015-10-27,V34698,Community,Series,Sweden,SVOD,2015-11-01,2016-10-31
2015-10-27,V34698,Community,Series,Sweden,SVOD,"",""
2015-10-27,V34698,Community,Series,Sweden,Catch up,"",""
2015-10-27,V34698,Community,Series,Sweden,SVOD,2014-09-01,2015-08-31
2015-10-27,V34698,Community,Series,Finland,SVOD,2015-11-01,2016-10-31
2015-10-27,V34698,Community,Series,Denmark,Catch up,"",""
2015-10-27,V34698,Community,Series,Denmark,SVOD,"",""
2015-10-27,V34698,Community,Series,Finland,SVOD,"",""
2015-10-27,V34698,Community,Series,Denmark,SVOD,2014-09-01,2015-08-31
2015-10-27,V34698,Community,Series,Norway,SVOD,"",""
2015-10-27,V34698,Community,Series,Norway,SVOD,2015-11-01,2016-10-31
2015-11-02,20247806,Community,Series,Finland,SVOD,2015-11-01,2016-10-31
2015-11-02,20247806,Community,Series,Sweden,SVOD,"",""
2015-11-02,20247806,Community,Series,Denmark,Catch up,"",""
2015-11-02,20247806,Community,Series,Denmark,SVOD,"",""
2015-11-02,20247806,Community,Series,Sweden,SVOD,2015-11-01,2016-10-31
2015-11-02,20247806,Community,Series,Denmark,SVOD,"",""
2015-11-02,20247806,Community,Series,Denmark,SVOD,2015-11-01,2016-10-31
2015-11-02,20247806,Community,Series,Norway,SVOD,2015-11-01,2016-10-31
2015-11-02,20247806,Community,Series,Sweden,SVOD,"",""
2015-11-02,20247806,Community,Series,Sweden,Catch up,"",""
2015-11-02,20247806,Community,Series,Finland,SVOD,"",""
2015-11-02,20247806,Community,Series,Norway,Catch up,"",""
2015-11-02,20247806,Community,Series,Norway,SVOD,"",""
2015-11-02,20247806,Community,Series,Norway,SVOD,"",""
2015-10-27,V34707,Community,Series,Sweden,SVOD,"",""
2015-10-27,V34707,Community,Series,Denmark,SVOD,2015-11-01,2016-10-31
2015-10-27,V34707,Community,Series,Finland,SVOD,2014-09-01,2015-08-31
2015-10-27,V34707,Community,Series,Denmark,SVOD,"",""
2015-10-27,V34707,Community,Series,Sweden,SVOD,2015-11-01,2016-10-31
2015-10-27,V34707,Community,Series,Sweden,SVOD,"",""
2015-10-27,V34707,Community,Series,Sweden,Catch up,"",""
2015-10-27,V34707,Community,Series,Sweden,SVOD,2014-09-01,2015-08-31
2015-10-27,V34707,Community,Series,Finland,SVOD,2015-11-01,2016-10-31
2015-10-27,V34707,Community,Series,Denmark,SVOD,"",""
2015-10-27,V34707,Community,Series,Denmark,Catch up,"",""
2015-10-27,V34707,Community,Series,Finland,SVOD,"",""
2015-10-27,V34707,Community,Series,Denmark,SVOD,2014-09-01,2015-08-31
2015-10-27,V34707,Community,Series,Norway,SVOD,"",""
2015-10-27,V34707,Community,Series,Norway,SVOD,2015-11-01,2016-10-31
2015-10-27,V34707,Community,Series,Norway,SVOD,"",""
2015-10-27,V34707,Community,Series,Norway,Catch up,"",""
2015-10-27,V34707,Community,Series,Norway,SVOD,2014-09-01,2015-08-31
2015-12-12,20239663,"Martian, The",Movies,Denmark,TVOD,2016-02-08,2016-08-07
2015-12-12,20239663,"Martian, The",Movies,Norway,TVOD,2016-02-08,2016-08-06
2015-12-12,20239663,"Martian, The",Movies,Finland,TVOD,2016-02-01,2016-07-31
2015-12-12,20239663,"Martian, The",Movies,Sweden,TVOD,2016-02-01,2016-07-31
2015-10-28,V28431,Community,Series,Denmark,SVOD,"",""
2015-10-28,V28431,Community,Series,Sweden,SVOD,2015-11-01,2016-10-31
2015-10-28,V28431,Community,Series,Finland,SVOD,2014-10-01,2015-09-30
2015-10-28,V28431,Community,Series,Finland,SVOD,2015-11-01,2016-10-31
2015-10-28,V28431,Community,Series,Norway,SVOD,"",""
2015-10-28,V28431,Community,Series,Norway,Catch up,"",""
2015-10-28,V28431,Community,Series,Finland,SVOD,"",""
2015-10-28,V28431,Community,Series,Denmark,SVOD,2014-09-01,2015-08-31
2015-10-28,V28431,Community,Series,Norway,SVOD,"",""
2015-10-28,V28431,Community,Series,Norway,SVOD,2015-11-01,2016-10-31
2015-10-28,V28431,Community,Series,Sweden,SVOD,2014-09-01,2015-08-31
2015-10-28,V28431,Community,Series,Denmark,SVOD,2015-11-01,2016-10-31
2015-10-28,V28431,Community,Series,Denmark,Catch up,"",""
2015-10-28,V28431,Community,Series,Denmark,SVOD,"",""
2015-10-28,V28431,Community,Series,Sweden,SVOD,"",""
2015-10-28,V28431,Community,Series,Sweden,Catch up,"",""
2015-10-28,V28431,Community,Series,Sweden,SVOD,"",""
2015-10-28,V28431,Community,Series,Norway,SVOD,2014-09-01,2015-08-31
2015-10-20,S22844,Seinfeld,Series,Finland,SVOD,"",""
2015-10-20,S22844,Seinfeld,Series,Finland,SVOD,2015-03-01,2016-02-29
2015-10-20,S22844,Seinfeld,Series,Denmark,Simulcast,"",""
2015-10-20,S22844,Seinfeld,Series,Denmark,SVOD,2014-03-31,2014-06-30
2015-10-20,S22844,Seinfeld,Series,Denmark,Catch up,"",""
2015-10-20,S22844,Seinfeld,Series,Sweden,Simulcast,"",""
2015-10-20,S22844,Seinfeld,Series,Sweden,SVOD,2014-02-01,2014-04-30
2015-10-20,S22844,Seinfeld,Series,Sweden,Catch up,"",""
2015-10-20,S22844,Seinfeld,Series,Norway,SVOD,"",""
2015-10-20,S22844,Seinfeld,Series,Sweden,SVOD,"",""
2015-10-20,S22844,Seinfeld,Series,Denmark,SVOD,2015-03-01,2016-02-29
2015-10-20,S22844,Seinfeld,Series,Sweden,Catch up,"",""
2015-10-20,S22844,Seinfeld,Series,Sweden,SVOD,"",""
2015-10-20,S22844,Seinfeld,Series,Norway,SVOD,2015-03-01,2016-02-29
2015-10-20,S22844,Seinfeld,Series,Norway,Simulcast,"",""
2015-10-20,S22844,Seinfeld,Series,Norway,SVOD,2016-03-01,2016-05-31
2015-10-20,S22844,Seinfeld,Series,Norway,Catch up,"",""
2015-10-20,S22844,Seinfeld,Series,Denmark,SVOD,"",""
2015-10-20,S22844,Seinfeld,Series,Sweden,SVOD,2015-03-01,2016-02-29
2015-10-28,V28699,Community,Series,Finland,SVOD,2015-11-01,2016-10-31
2015-10-28,V28699,Community,Series,Norway,Catch up,"",""
2015-10-28,V28699,Community,Series,Norway,SVOD,"",""
2015-10-28,V28699,Community,Series,Finland,SVOD,"",""
2015-10-28,V28699,Community,Series,Norway,SVOD,2014-09-01,2015-08-31
2015-10-28,V28699,Community,Series,Norway,SVOD,"",""
2015-10-28,V28699,Community,Series,Norway,SVOD,2015-11-01,2016-10-31
2015-10-28,V28699,Community,Series,Denmark,SVOD,2015-11-01,2016-10-31
2015-10-28,V28699,Community,Series,Denmark,SVOD,"",""
2015-10-28,V28699,Community,Series,Denmark,Catch up,"",""
2015-10-28,V28699,Community,Series,Finland,SVOD,2014-09-01,2015-08-31
2015-10-28,V28699,Community,Series,Sweden,SVOD,"",""
2015-10-28,V28699,Community,Series,Sweden,SVOD,"",""
2015-10-28,V28699,Community,Series,Sweden,Catch up,"",""
2015-10-28,V28699,Community,Series,Denmark,SVOD,2014-09-01,2015-08-31
2015-10-28,V28699,Community,Series,Denmark,SVOD,"",""
2015-10-28,V28699,Community,Series,Sweden,SVOD,2015-11-01,2016-10-31
2015-10-28,V28699,Community,Series,Sweden,SVOD,2014-09-01,2015-08-31
2015-10-28,V28434,Community,Series,Norway,SVOD,2015-11-01,2016-10-31
2015-10-28,V28434,Community,Series,Denmark,SVOD,2014-09-01,2015-08-31
2015-10-28,V28434,Community,Series,Norway,SVOD,"",""
2015-10-28,V28434,Community,Series,Sweden,SVOD,2014-09-01,2015-08-31
2015-10-28,V28434,Community,Series,Denmark,SVOD,2015-11-01,2016-10-31
2015-10-28,V28434,Community,Series,Denmark,Catch up,"",""
2015-10-28,V28434,Community,Series,Denmark,SVOD,"",""
2015-10-28,V28434,Community,Series,Sweden,SVOD,"",""
2015-10-28,V28434,Community,Series,Sweden,SVOD,"",""
2015-10-28,V28434,Community,Series,Sweden,Catch up,"",""
2015-10-28,V28434,Community,Series,Norway,SVOD,2014-09-01,2015-08-31
2015-10-28,V28434,Community,Series,Denmark,SVOD,"",""
2015-10-28,V28434,Community,Series,Sweden,SVOD,2015-11-01,2016-10-31
2015-10-28,V28434,Community,Series,Norway,Catch up,"",""
2015-10-28,V28434,Community,Series,Norway,SVOD,"",""
2015-10-28,V28434,Community,Series,Finland,SVOD,2014-10-01,2015-09-30
2015-10-28,V28434,Community,Series,Finland,SVOD,"",""
2015-10-28,V28434,Community,Series,Finland,SVOD,2015-11-01,2016-10-31
2015-12-03,20207656,Blå Ögon (1) Ep: 8,Series,Denmark,TVOD,2015-05-13,2100-01-01
2015-12-03,20207656,Blå Ögon (1) Ep: 8,Series,Denmark,TVOD,2015-05-13,2100-01-01
2015-12-03,20207656,Blå Ögon (1) Ep: 8,Series,Denmark,TVOD,2015-05-13,2100-01-01
2015-12-03,20207656,Blå Ögon (1) Ep: 8,Series,Denmark,SVOD,2015-12-24,2019-12-23
2015-12-03,20207656,Blå Ögon (1) Ep: 8,Series,Norway,SVOD,2015-12-24,2019-12-23
2015-12-03,20207656,Blå Ögon (1) Ep: 8,Series,Sweden,SVOD,2015-12-24,2019-12-23
2015-12-03,20207656,Blå Ögon (1) Ep: 8,Series,Finland,SVOD,2015-12-24,2019-12-23
2015-12-03,20207656,Blå Ögon (1) Ep: 8,Series,Sweden,TVOD,2015-05-04,2100-01-01
2015-12-03,20207656,Blå Ögon (1) Ep: 8,Series,Sweden,TVOD,2015-05-04,2100-01-01
2015-12-03,20207656,Blå Ögon (1) Ep: 8,Series,Sweden,TVOD,2015-05-04,2100-01-01
2015-12-03,20207656,Blå Ögon (1) Ep: 8,Series,Finland,TVOD,"",""
2015-12-03,20207656,Blå Ögon (1) Ep: 8,Series,Finland,TVOD,"",""
2015-12-03,20207656,Blå Ögon (1) Ep: 8,Series,Finland,TVOD,"",""
2015-12-03,20207656,Blå Ögon (1) Ep: 8,Series,Finland,TVOD,"",""
2015-12-03,20207656,Blå Ögon (1) Ep: 8,Series,Finland,TVOD,"",""
2015-12-03,20207656,Blå Ögon (1) Ep: 8,Series,Finland,TVOD,"",""
2015-12-03,20207656,Blå Ögon (1) Ep: 8,Series,Finland,TVOD,"",""
2015-12-03,20207656,Blå Ögon (1) Ep: 8,Series,Finland,TVOD,"",""
2015-12-03,20207656,Blå Ögon (1) Ep: 8,Series,Finland,TVOD,"",""
2015-12-03,20207656,Blå Ögon (1) Ep: 8,Series,Norway,TVOD,"",""
2015-12-03,20207656,Blå Ögon (1) Ep: 8,Series,Norway,TVOD,"",""
2015-12-03,20207656,Blå Ögon (1) Ep: 8,Series,Norway,TVOD,"",""
2015-12-03,20207656,Blå Ögon (1) Ep: 8,Series,Norway,TVOD,"",""
2015-12-03,20207656,Blå Ögon (1) Ep: 8,Series,Norway,TVOD,"",""
2015-12-03,20207656,Blå Ögon (1) Ep: 8,Series,Norway,TVOD,"",""
2015-12-03,20207656,Blå Ögon (1) Ep: 8,Series,Norway,TVOD,"",""
2015-12-03,20207656,Blå Ögon (1) Ep: 8,Series,Norway,TVOD,"",""
2015-12-03,20207656,Blå Ögon (1) Ep: 8,Series,Norway,TVOD,"",""
2015-09-25,20228791,Pocahontas II: Journey to a New World,"",Denmark,SVOD,2016-03-04,2017-03-03
2015-09-25,20228791,Pocahontas II: Journey to a New World,"",Norway,SVOD,2016-03-04,2017-03-03
2015-09-25,20228791,Pocahontas II: Journey to a New World,"",Sweden,SVOD,2016-03-04,2017-03-03
2015-09-25,20228791,Pocahontas II: Journey to a New World,"",Finland,SVOD,2016-03-04,2017-03-03
2015-08-25,20228791,Pocahontas II: Journey to a New World,"",Sweden,SVOD,2016-03-04,2017-03-03
2015-08-25,20228791,Pocahontas II: Journey to a New World,"",Finland,SVOD,2016-03-04,2017-03-03
2015-08-25,20228791,Pocahontas II: Journey to a New World,"",Norway,SVOD,2016-03-04,2017-03-03
2015-08-25,20228791,Pocahontas II: Journey to a New World,"",Denmark,SVOD,2016-03-04,2017-03-03
2016-02-24,20263082,MAD DOGS YR 1 () Ep: 1,Series,Sweden,SVOD,2016-02-12,2020-02-11
2016-02-24,20263082,MAD DOGS YR 1 () Ep: 1,Series,Denmark,SVOD,2016-02-12,2020-02-11
2016-02-24,20263082,MAD DOGS YR 1 () Ep: 1,Series,Norway,SVOD,2016-02-12,2020-02-11
2016-03-21,S67945,"Go, Diego! Go! (Swedish Dub)",Series,Sweden,SVOD,2014-10-01,2019-12-31
2016-03-21,S67945,"Go, Diego! Go! (Swedish Dub)",Series,Finland,TVOD,2010-06-15,2014-09-30
2016-03-21,S67945,"Go, Diego! Go! (Swedish Dub)",Series,Finland,SVOD,2010-06-01,2014-09-30
2016-07-29,20329157,MED KNIVEN FOR STRUBEN YR 5,Series,Norway,SVOD,2016-08-22,2100-01-01
2016-07-29,20329157,MED KNIVEN FOR STRUBEN YR 5,Series,Norway,AVOD,2016-08-22,2100-01-01
2016-07-29,20329157,MED KNIVEN FOR STRUBEN YR 5,Series,Norway,Catch up,"",""
2016-07-29,20329157,MED KNIVEN FOR STRUBEN YR 5,Series,Finland,AVOD,2016-08-22,2100-01-01
2016-07-29,20329157,MED KNIVEN FOR STRUBEN YR 5,Series,Finland,Catch up,"",""
2016-07-29,20329157,MED KNIVEN FOR STRUBEN YR 5,Series,Finland,SVOD,2016-08-22,2100-01-01
2016-07-29,20329157,MED KNIVEN FOR STRUBEN YR 5,Series,Denmark,Catch up,2016-08-22,2100-01-01
2016-07-29,20329157,MED KNIVEN FOR STRUBEN YR 5,Series,Denmark,AVOD,2016-08-22,2100-01-01
2016-07-29,20329157,MED KNIVEN FOR STRUBEN YR 5,Series,Denmark,FVOD,2016-08-22,2100-01-01
2016-07-29,20329157,MED KNIVEN FOR STRUBEN YR 5,Series,Denmark,SVOD,2016-08-22,2100-01-01
2016-07-29,20329157,MED KNIVEN FOR STRUBEN YR 5,Series,Denmark,TVOD,2016-08-22,2100-01-01
2016-07-29,20329157,MED KNIVEN FOR STRUBEN YR 5,Series,Sweden,Catch up,"",""
2016-07-29,20329157,MED KNIVEN FOR STRUBEN YR 5,Series,Sweden,AVOD,2016-08-22,2100-01-01
2016-07-29,20329157,MED KNIVEN FOR STRUBEN YR 5,Series,Sweden,SVOD,2016-08-22,2100-01-01
2016-07-29,20333778,Planet Sheen (Finnish Dub),Series,Finland,SVOD,2014-10-01,2019-12-31
2015-11-26,20258478,FRASIER YR 3,Series,Sweden,Catch up,2015-12-31,2019-01-06
2015-11-26,20258478,FRASIER YR 3,Series,Sweden,Catch up,2015-12-31,2019-01-06
2015-11-26,20258478,FRASIER YR 3,Series,Sweden,Catch up,2015-12-31,2019-01-06
2015-11-26,20258528,FRASIER YR 5 (5) Ep: 522,Series,Sweden,Catch up,2016-03-31,2019-04-06
2015-11-26,20258528,FRASIER YR 5 (5) Ep: 522,Series,Sweden,Catch up,2016-03-31,2019-04-06
2015-11-26,20258528,FRASIER YR 5 (5) Ep: 522,Series,Sweden,Catch up,2016-03-31,2019-04-06
2015-11-26,20258523,FRASIER YR 5 (5) Ep: 517,Series,Sweden,Catch up,2016-03-31,2019-04-06
2015-11-26,20258523,FRASIER YR 5 (5) Ep: 517,Series,Sweden,Catch up,2016-03-31,2019-04-06
2015-11-26,20258523,FRASIER YR 5 (5) Ep: 517,Series,Sweden,Catch up,2016-03-31,2019-04-06
2015-11-26,20258422,FRASIER YR 1 (1) Ep: 117,Series,Sweden,Catch up,2015-12-31,2019-01-06
2015-11-26,20258422,FRASIER YR 1 (1) Ep: 117,Series,Sweden,Catch up,2015-12-31,2019-01-06
2015-11-26,20258422,FRASIER YR 1 (1) Ep: 117,Series,Sweden,Catch up,2015-12-31,2019-01-06
2015-11-26,20258545,FRASIER YR 6,Series,Sweden,Catch up,2016-03-31,2019-04-06
2015-11-26,20258545,FRASIER YR 6,Series,Sweden,Catch up,2016-03-31,2019-04-06
2015-11-26,20258545,FRASIER YR 6,Series,Sweden,Catch up,2016-03-31,2019-04-06
2016-01-11,20258397,NAVY NCIS YR 13,Series,Sweden,Catch up,2015-12-31,2019-01-06
2016-01-11,20258397,NAVY NCIS YR 13,Series,Denmark,Catch up,2015-12-31,2019-01-06
2016-01-11,20258397,NAVY NCIS YR 13,Series,Norway,Catch up,2015-12-31,2019-01-06
2016-01-11,20258397,NAVY NCIS YR 13,Series,Sweden,Catch up,2015-12-31,2019-01-06
2016-01-11,20258397,NAVY NCIS YR 13,Series,Norway,Catch up,2015-12-31,2019-01-06
2015-11-26,20258453,FRASIER YR 2,Series,Sweden,Catch up,2015-12-31,2019-01-06
2015-11-26,20258453,FRASIER YR 2,Series,Sweden,Catch up,2015-12-31,2019-01-06
2015-11-26,20258453,FRASIER YR 2,Series,Sweden,Catch up,2015-12-31,2019-01-06
2016-01-11,20258383,NAVY NCIS YR 13 - Post 21:00,Series,Sweden,Catch up,2015-12-31,2019-01-06
2016-01-11,20258383,NAVY NCIS YR 13 - Post 21:00,Series,Norway,Catch up,2015-12-31,2019-01-06
2016-01-11,20258383,NAVY NCIS YR 13 - Post 21:00,Series,Denmark,Catch up,2015-12-31,2019-01-06
2016-01-11,20258383,NAVY NCIS YR 13 - Post 21:00,Series,Norway,Catch up,2015-12-31,2019-01-06
2016-01-11,20258383,NAVY NCIS YR 13 - Post 21:00,Series,Sweden,Catch up,2015-12-31,2019-01-06
2015-11-26,20258552,FRASIER YR 6,Series,Sweden,Catch up,2016-03-31,2019-04-06
2015-11-26,20258552,FRASIER YR 6,Series,Sweden,Catch up,2016-03-31,2019-04-06
2015-11-26,20258552,FRASIER YR 6,Series,Sweden,Catch up,2016-03-31,2019-04-06
2015-11-26,20258419,FRASIER YR 1 (1) Ep: 114,Series,Sweden,Catch up,2015-12-31,2019-01-06
2015-11-26,20258419,FRASIER YR 1 (1) Ep: 114,Series,Sweden,Catch up,2015-12-31,2019-01-06
2015-11-26,20258419,FRASIER YR 1 (1) Ep: 114,Series,Sweden,Catch up,2015-12-31,2019-01-06
2015-11-26,20258540,FRASIER YR 6,Series,Sweden,Catch up,2016-03-31,2019-04-06
2015-11-26,20258540,FRASIER YR 6,Series,Sweden,Catch up,2016-03-31,2019-04-06
2015-11-26,20258540,FRASIER YR 6,Series,Sweden,Catch up,2016-03-31,2019-04-06
2015-11-26,20258510,FRASIER YR 5 (5) Ep: 504,Series,Sweden,Catch up,2016-03-31,2019-04-06
2015-11-26,20258510,FRASIER YR 5 (5) Ep: 504,Series,Sweden,Catch up,2016-03-31,2019-04-06
2015-11-26,20258510,FRASIER YR 5 (5) Ep: 504,Series,Sweden,Catch up,2016-03-31,2019-04-06
2015-11-26,20258554,FRASIER YR 6,Series,Sweden,Catch up,2016-03-31,2019-04-06
2015-11-26,20258554,FRASIER YR 6,Series,Sweden,Catch up,2016-03-31,2019-04-06
2015-11-26,20258554,FRASIER YR 6,Series,Sweden,Catch up,2016-03-31,2019-04-06
2015-10-05,V35160,Cars 2,Movies,Finland,TVOD,2015-04-22,2016-04-22
2015-10-05,V35160,Cars 2,Movies,Norway,TVOD,2015-04-22,2016-04-22
2015-10-05,V35160,Cars 2,Movies,Denmark,TVOD,2015-08-13,2016-08-12
2015-10-05,V35160,Cars 2,Movies,Denmark,TVOD,2015-08-13,2016-08-12
2015-10-05,V35160,Cars 2,Movies,Finland,TVOD,2015-08-13,2016-08-12
2015-10-05,V35160,Cars 2,Movies,Finland,TVOD,2015-08-13,2016-08-12
2015-10-05,V35160,Cars 2,Movies,Sweden,TVOD,2015-04-22,2016-04-22
2015-10-05,V35160,Cars 2,Movies,Denmark,TVOD,2015-04-22,2016-04-22
2015-10-05,V35160,Cars 2,Movies,Sweden,TVOD,2015-08-13,2016-08-12
2015-10-05,V35160,Cars 2,Movies,Sweden,TVOD,2015-08-13,2016-08-12
2015-10-05,V35160,Cars 2,Movies,Norway,TVOD,2015-08-13,2016-08-12
2015-10-05,V35160,Cars 2,Movies,Norway,TVOD,2015-08-13,2016-08-12
2016-01-22,20237101,JOAN OF ARC: GOD'S WARRIOR,One-off,Sweden,Catch up,2015-11-01,2018-11-30
2016-01-22,20237101,JOAN OF ARC: GOD'S WARRIOR,One-off,Sweden,Catch up,2015-11-01,2018-11-30
2016-01-22,20237101,JOAN OF ARC: GOD'S WARRIOR,One-off,Norway,Catch up,2015-11-01,2018-11-30
2016-01-22,20237101,JOAN OF ARC: GOD'S WARRIOR,One-off,Norway,Catch up,2015-11-01,2018-11-30
2016-01-22,20237101,JOAN OF ARC: GOD'S WARRIOR,One-off,Denmark,Catch up,2015-11-01,2018-11-30
2016-01-22,20237101,JOAN OF ARC: GOD'S WARRIOR,One-off,Denmark,Catch up,2015-11-01,2018-11-30
2016-01-22,20237101,JOAN OF ARC: GOD'S WARRIOR,One-off,Finland,Catch up,2015-11-01,2018-11-30
2016-01-22,20237101,JOAN OF ARC: GOD'S WARRIOR,One-off,Finland,Catch up,2015-11-01,2018-11-30
2016-01-22,20237101,JOAN OF ARC: GOD'S WARRIOR,One-off,Sweden,FVOD,2015-11-01,2018-10-31
2016-01-22,20237101,JOAN OF ARC: GOD'S WARRIOR,One-off,Sweden,FVOD,2015-11-01,2018-10-31
2016-01-22,20237101,JOAN OF ARC: GOD'S WARRIOR,One-off,Norway,FVOD,2015-11-01,2018-10-31
2016-01-22,20237101,JOAN OF ARC: GOD'S WARRIOR,One-off,Norway,FVOD,2015-11-01,2018-10-31
2016-01-22,20237101,JOAN OF ARC: GOD'S WARRIOR,One-off,Denmark,FVOD,2015-11-01,2018-10-31
2016-01-22,20237101,JOAN OF ARC: GOD'S WARRIOR,One-off,Denmark,FVOD,2015-11-01,2018-10-31
2016-01-22,20237101,JOAN OF ARC: GOD'S WARRIOR,One-off,Finland,FVOD,2015-11-01,2018-10-31
2016-01-22,20237101,JOAN OF ARC: GOD'S WARRIOR,One-off,Finland,FVOD,2015-11-01,2018-10-31
2016-01-22,20237101,JOAN OF ARC: GOD'S WARRIOR,One-off,Sweden,TVOD,2015-11-01,2018-10-31
2016-01-22,20237101,JOAN OF ARC: GOD'S WARRIOR,One-off,Sweden,TVOD,2015-11-01,2018-10-31
2016-01-22,20237101,JOAN OF ARC: GOD'S WARRIOR,One-off,Norway,TVOD,2015-11-01,2018-10-31
2016-01-22,20237101,JOAN OF ARC: GOD'S WARRIOR,One-off,Norway,TVOD,2015-11-01,2018-10-31
2016-01-22,20237101,JOAN OF ARC: GOD'S WARRIOR,One-off,Denmark,TVOD,2015-11-01,2018-10-31
2016-01-22,20237101,JOAN OF ARC: GOD'S WARRIOR,One-off,Denmark,TVOD,2015-11-01,2018-10-31
2016-01-22,20237101,JOAN OF ARC: GOD'S WARRIOR,One-off,Finland,TVOD,2015-11-01,2018-10-31
2016-01-22,20237101,JOAN OF ARC: GOD'S WARRIOR,One-off,Finland,TVOD,2015-11-01,2018-10-31
2016-01-22,20237101,JOAN OF ARC: GOD'S WARRIOR,One-off,Sweden,EST,2015-11-01,2018-10-31
2016-01-22,20237101,JOAN OF ARC: GOD'S WARRIOR,One-off,Sweden,EST,2015-11-01,2018-10-31
2016-01-22,20237101,JOAN OF ARC: GOD'S WARRIOR,One-off,Norway,EST,2015-11-01,2018-10-31
2016-01-22,20237101,JOAN OF ARC: GOD'S WARRIOR,One-off,Norway,EST,2015-11-01,2018-10-31
2016-01-22,20237101,JOAN OF ARC: GOD'S WARRIOR,One-off,Denmark,EST,2015-11-01,2018-10-31
2016-01-22,20237101,JOAN OF ARC: GOD'S WARRIOR,One-off,Denmark,EST,2015-11-01,2018-10-31
2016-01-22,20237101,JOAN OF ARC: GOD'S WARRIOR,One-off,Finland,EST,2015-11-01,2018-10-31
2016-01-22,20237101,JOAN OF ARC: GOD'S WARRIOR,One-off,Finland,EST,2015-11-01,2018-10-31
2016-01-22,20237101,JOAN OF ARC: GOD'S WARRIOR,One-off,Sweden,SVOD,2015-11-01,2018-10-31
2016-01-22,20237101,JOAN OF ARC: GOD'S WARRIOR,One-off,Sweden,SVOD,2015-11-01,2018-10-31
2016-01-22,20237101,JOAN OF ARC: GOD'S WARRIOR,One-off,Norway,SVOD,2015-11-01,2018-10-31
2016-01-22,20237101,JOAN OF ARC: GOD'S WARRIOR,One-off,Norway,SVOD,2015-11-01,2018-10-31
2016-01-22,20237101,JOAN OF ARC: GOD'S WARRIOR,One-off,Denmark,SVOD,2015-11-01,2018-10-31
2016-01-22,20237101,JOAN OF ARC: GOD'S WARRIOR,One-off,Denmark,SVOD,2015-11-01,2018-10-31
2016-01-22,20237101,JOAN OF ARC: GOD'S WARRIOR,One-off,Finland,SVOD,2015-11-01,2018-10-31
2016-01-22,20237101,JOAN OF ARC: GOD'S WARRIOR,One-off,Finland,SVOD,2015-11-01,2018-10-31
2016-01-22,20237101,JOAN OF ARC: GOD'S WARRIOR,One-off,"",Catch up,2015-11-01,2018-11-30
2016-01-22,20237101,JOAN OF ARC: GOD'S WARRIOR,One-off,"",Catch up,2015-11-01,2018-11-30
2016-01-22,20237101,JOAN OF ARC: GOD'S WARRIOR,One-off,"",EST,2015-11-01,2018-10-31
2016-01-22,20237101,JOAN OF ARC: GOD'S WARRIOR,One-off,"",EST,2015-11-01,2018-10-31
2016-01-22,20237101,JOAN OF ARC: GOD'S WARRIOR,One-off,"",SVOD,2015-11-01,2018-10-31
2016-01-22,20237101,JOAN OF ARC: GOD'S WARRIOR,One-off,"",SVOD,2015-11-01,2018-10-31
2016-01-22,20237101,JOAN OF ARC: GOD'S WARRIOR,One-off,"",FVOD,2015-11-01,2018-10-31
2016-01-22,20237101,JOAN OF ARC: GOD'S WARRIOR,One-off,"",FVOD,2015-11-01,2018-10-31
2016-01-22,20237101,JOAN OF ARC: GOD'S WARRIOR,One-off,"",TVOD,2015-11-01,2018-10-31
2016-01-22,20237101,JOAN OF ARC: GOD'S WARRIOR,One-off,"",TVOD,2015-11-01,2018-10-31
2016-04-20,20303662,"GOOD WIFE, THE YR5 (5) Ep: 7",Series,Denmark,SVOD,2016-07-01,2017-12-31
2016-04-20,20303662,"GOOD WIFE, THE YR5 (5) Ep: 7",Series,Sweden,SVOD,2016-07-01,2017-12-31
2016-04-20,20303662,"GOOD WIFE, THE YR5 (5) Ep: 7",Series,Norway,SVOD,2016-07-01,2017-12-31
2016-04-20,20303662,"GOOD WIFE, THE YR5 (5) Ep: 7",Series,Finland,SVOD,2016-07-01,2017-12-31
2016-04-20,20303581,"GOOD WIFE, THE YR1 (1) Ep: 20",Series,Finland,SVOD,2016-07-01,2017-12-31
2016-04-20,20303581,"GOOD WIFE, THE YR1 (1) Ep: 20",Series,Sweden,SVOD,2016-07-01,2017-12-31
2016-04-20,20303581,"GOOD WIFE, THE YR1 (1) Ep: 20",Series,Norway,SVOD,2016-07-01,2017-12-31
2016-04-20,20303581,"GOOD WIFE, THE YR1 (1) Ep: 20",Series,Denmark,SVOD,2016-07-01,2017-12-31
2016-04-20,20303565,"GOOD WIFE, THE YR1 (1) Ep: 4",Series,Finland,SVOD,2016-07-01,2017-12-31
2016-04-20,20303565,"GOOD WIFE, THE YR1 (1) Ep: 4",Series,Sweden,SVOD,2016-07-01,2017-12-31
2016-04-20,20303565,"GOOD WIFE, THE YR1 (1) Ep: 4",Series,Norway,SVOD,2016-07-01,2017-12-31
2016-04-20,20303565,"GOOD WIFE, THE YR1 (1) Ep: 4",Series,Denmark,SVOD,2016-07-01,2017-12-31
2015-09-25,20250346,LUKSUSFELLEN YR 14 : Ep 5,Series,Norway,Catch up,2016-02-01,2020-01-31
2015-09-25,20250346,LUKSUSFELLEN YR 14 : Ep 5,Series,Norway,FVOD,2016-02-01,2020-01-31
2015-09-25,20250346,LUKSUSFELLEN YR 14 : Ep 5,Series,Norway,SVOD,2016-02-01,2020-01-31
2015-09-25,20250346,LUKSUSFELLEN YR 14 : Ep 5,Series,Norway,AVOD,2016-02-01,2020-01-31
2016-02-12,20200592,"Blacklist, The",Series,Norway,SVOD,2015-10-01,2016-09-30
2016-02-12,20200592,"Blacklist, The",Series,Sweden,SVOD,2015-10-01,2016-09-30
2016-02-12,20200592,"Blacklist, The",Series,Norway,SVOD,2016-10-01,2017-09-30
2016-02-12,20200592,"Blacklist, The",Series,Sweden,Catch up,"",""
2016-02-12,20200592,"Blacklist, The",Series,Finland,SVOD,"",""
2016-02-12,20200592,"Blacklist, The",Series,Norway,Catch up,"",""
2016-02-12,20200592,"Blacklist, The",Series,Sweden,SVOD,2016-10-01,2017-09-30
2016-02-12,20200592,"Blacklist, The",Series,Denmark,SVOD,2015-10-01,2016-09-30
2016-02-12,20200592,"Blacklist, The",Series,Denmark,SVOD,2016-10-01,2017-09-30
2015-06-09,20208974,South Park,Series,Norway,SVOD,2015-07-01,2017-06-30
2015-06-09,20208974,South Park,Series,Norway,AVOD,2015-05-01,2017-06-30
2015-06-09,20208974,South Park,Series,Denmark,SVOD,2015-07-01,2017-06-30
2015-06-09,20208974,South Park,Series,Denmark,AVOD,2015-05-01,2017-06-30
2015-06-09,20208974,South Park,Series,Sweden,AVOD,2015-05-01,2017-06-30
2015-06-09,20208974,South Park,Series,Sweden,SVOD,2015-07-01,2017-06-30
2015-06-09,20208974,South Park,Series,Finland,SVOD,2015-07-01,2017-06-30
2015-06-09,V35160,Cars 2,Movies,Finland,TVOD,2015-04-22,2016-04-22
2015-06-09,V35160,Cars 2,Movies,Sweden,TVOD,2015-04-22,2016-04-22
2015-06-09,V35160,Cars 2,Movies,Finland,TVOD,2015-08-13,2016-08-12
2015-06-09,V35160,Cars 2,Movies,Finland,TVOD,2015-08-13,2016-08-12
2015-06-09,V35160,Cars 2,Movies,Sweden,TVOD,2015-08-13,2016-08-12
2015-06-09,V35160,Cars 2,Movies,Sweden,TVOD,2015-08-13,2016-08-12
2015-06-09,V35160,Cars 2,Movies,Norway,TVOD,2015-08-13,2016-08-12
2015-06-09,V35160,Cars 2,Movies,Norway,TVOD,2015-08-13,2016-08-12
2015-06-09,V35160,Cars 2,Movies,Denmark,TVOD,2015-04-22,2016-04-22
2015-06-09,V35160,Cars 2,Movies,Norway,TVOD,2015-04-22,2016-04-22
2015-06-09,V35160,Cars 2,Movies,Denmark,TVOD,2015-08-13,2016-08-12
2015-06-09,V35160,Cars 2,Movies,Denmark,TVOD,2015-08-13,2016-08-12
2015-06-09,20208924,South Park,Series,Finland,SVOD,2015-07-01,2017-06-30
2015-06-09,20208924,South Park,Series,Norway,SVOD,2015-07-01,2017-06-30
2015-06-09,20208924,South Park,Series,Norway,AVOD,2015-05-01,2017-06-30
2015-06-09,20208924,South Park,Series,Denmark,SVOD,2015-07-01,2017-06-30
2015-06-09,20208924,South Park,Series,Denmark,AVOD,2015-05-01,2017-06-30
2015-06-09,20208924,South Park,Series,Sweden,AVOD,2015-05-01,2017-06-30
2015-06-09,20208924,South Park,Series,Sweden,SVOD,2015-07-01,2017-06-30
2015-06-09,20209102,South Park,Series,Denmark,SVOD,2015-07-01,2017-06-30
2015-06-09,20209102,South Park,Series,Sweden,SVOD,2015-07-01,2017-06-30
2015-06-09,20209102,South Park,Series,Sweden,AVOD,2015-05-01,2017-06-30
2015-06-09,20209102,South Park,Series,Finland,SVOD,2015-07-01,2017-06-30
2015-06-09,20209102,South Park,Series,Norway,AVOD,2015-05-01,2017-06-30
2015-06-09,20209102,South Park,Series,Denmark,AVOD,2015-05-01,2017-06-30
2015-06-09,20209102,South Park,Series,Norway,SVOD,2015-07-01,2017-06-30
2015-06-09,20209074,South Park,Series,Sweden,SVOD,2015-07-01,2017-06-30
2015-06-09,20209074,South Park,Series,Sweden,AVOD,2015-05-01,2017-06-30
2015-06-09,20209074,South Park,Series,Finland,SVOD,2015-07-01,2017-06-30
2015-06-09,20209074,South Park,Series,Norway,AVOD,2015-05-01,2017-06-30
2015-06-09,20209074,South Park,Series,Denmark,AVOD,2015-05-01,2017-06-30
2015-06-09,20209074,South Park,Series,Norway,SVOD,2015-07-01,2017-06-30
2015-06-09,20209074,South Park,Series,Denmark,SVOD,2015-07-01,2017-06-30
2015-06-09,20208953,South Park,Series,Denmark,AVOD,2015-05-01,2017-06-30
2015-06-09,20208953,South Park,Series,Norway,SVOD,2015-07-01,2017-06-30
2015-06-09,20208953,South Park,Series,Denmark,SVOD,2015-07-01,2017-06-30
2015-06-09,20208953,South Park,Series,Sweden,SVOD,2015-07-01,2017-06-30
2015-06-09,20208953,South Park,Series,Sweden,AVOD,2015-05-01,2017-06-30
2015-06-09,20208953,South Park,Series,Finland,SVOD,2015-07-01,2017-06-30
2015-06-09,20208953,South Park,Series,Norway,AVOD,2015-05-01,2017-06-30
2015-06-09,20208954,South Park,Series,Denmark,SVOD,2015-07-01,2017-06-30
2015-06-09,20208954,South Park,Series,Denmark,AVOD,2015-05-01,2017-06-30
2015-06-09,20208954,South Park,Series,Sweden,AVOD,2015-05-01,2017-06-30
2015-06-09,20208954,South Park,Series,Sweden,SVOD,2015-07-01,2017-06-30
2015-06-09,20208954,South Park,Series,Finland,SVOD,2015-07-01,2017-06-30
2015-06-09,20208954,South Park,Series,Norway,AVOD,2015-05-01,2017-06-30
2015-06-09,20208954,South Park,Series,Norway,SVOD,2015-07-01,2017-06-30
2015-06-09,20209114,South Park,Series,Norway,AVOD,2015-05-01,2017-06-30
2015-06-09,20209114,South Park,Series,Norway,SVOD,2015-07-01,2017-06-30
2015-06-09,20209114,South Park,Series,Denmark,SVOD,2015-07-01,2017-06-30
2015-06-09,20209114,South Park,Series,Denmark,AVOD,2015-05-01,2017-06-30
2015-06-09,20209114,South Park,Series,Sweden,SVOD,2015-07-01,2017-06-30
2015-06-09,20209114,South Park,Series,Sweden,AVOD,2015-05-01,2017-06-30
2015-06-09,20209114,South Park,Series,Finland,SVOD,2015-07-01,2017-06-30
2015-06-09,20209110,South Park,Series,Norway,AVOD,2015-05-01,2017-06-30
2015-06-09,20209110,South Park,Series,Norway,SVOD,2015-07-01,2017-06-30
2015-06-09,20209110,South Park,Series,Denmark,SVOD,2015-07-01,2017-06-30
2015-06-09,20209110,South Park,Series,Denmark,AVOD,2015-05-01,2017-06-30
2015-06-09,20209110,South Park,Series,Sweden,SVOD,2015-07-01,2017-06-30
2015-06-09,20209110,South Park,Series,Sweden,AVOD,2015-05-01,2017-06-30
2015-06-09,20209110,South Park,Series,Finland,SVOD,2015-07-01,2017-06-30
2016-05-02,20305742,Big Time Rush (Swedish Dub),Series,Sweden,SVOD,2014-10-01,2019-12-31
2016-05-02,V12442,Big Time Rush (Swedish Dub),Series,Sweden,TVOD,2013-02-01,2014-09-30
2016-05-02,V12442,Big Time Rush (Swedish Dub),Series,Sweden,SVOD,2013-02-01,2014-09-30
2016-05-02,V12442,Big Time Rush (Swedish Dub),Series,Sweden,SVOD,2014-10-01,2019-12-31
2016-05-02,V12356,Big Time Rush (Swedish Dub),Series,Sweden,SVOD,2014-10-01,2019-12-31
2016-05-02,V12356,Big Time Rush (Swedish Dub),Series,Sweden,TVOD,2014-02-01,2014-09-30
2016-05-02,V12356,Big Time Rush (Swedish Dub),Series,Sweden,SVOD,2014-02-01,2014-09-30
2016-05-02,20229587,OUTLANDER YR 2 (2) Ep: 205,Series,Sweden,SVOD,2016-04-10,2020-04-09
2016-05-02,20229587,OUTLANDER YR 2 (2) Ep: 205,Series,Sweden,Catch up,2016-04-10,2100-01-01
2016-05-02,20229587,OUTLANDER YR 2 (2) Ep: 205,Series,Norway,Catch up,2016-04-10,2100-01-01
2016-05-02,20229587,OUTLANDER YR 2 (2) Ep: 205,Series,Denmark,Catch up,2016-04-10,2100-01-01
2016-05-02,20229587,OUTLANDER YR 2 (2) Ep: 205,Series,Norway,SVOD,2016-04-10,2020-04-09
2016-05-02,20229587,OUTLANDER YR 2 (2) Ep: 205,Series,Finland,SVOD,"",""
2016-05-02,20229587,OUTLANDER YR 2 (2) Ep: 205,Series,Denmark,SVOD,2016-04-10,2020-04-09
2016-05-02,20234414,EMPIRE YR 2 (2) Ep: 216,Series,Sweden,Catch up,2015-09-24,2017-10-07
2016-05-02,20234414,EMPIRE YR 2 (2) Ep: 216,Series,Norway,Catch up,2015-09-24,2017-10-07
2016-05-02,20234414,EMPIRE YR 2 (2) Ep: 216,Series,Denmark,Catch up,2015-09-24,2017-10-07
2016-05-02,20234414,EMPIRE YR 2 (2) Ep: 216,Series,Denmark,SVOD,2016-09-24,2017-09-23
2016-05-02,20234414,EMPIRE YR 2 (2) Ep: 216,Series,Norway,SVOD,2016-09-24,2017-09-23
2016-05-02,20234414,EMPIRE YR 2 (2) Ep: 216,Series,Sweden,SVOD,2016-09-24,2017-09-23
2016-05-02,20234414,EMPIRE YR 2 (2) Ep: 216,Series,Finland,SVOD,2016-09-24,2017-09-23
2016-05-02,20234414,EMPIRE YR 2 (2) Ep: 216,Series,Denmark,SVOD,2015-09-24,2016-09-23
2016-05-02,20234414,EMPIRE YR 2 (2) Ep: 216,Series,Norway,SVOD,2015-09-24,2016-09-23
2016-05-02,20234414,EMPIRE YR 2 (2) Ep: 216,Series,Sweden,SVOD,2015-09-24,2016-09-23
2016-03-10,V12442,Big Time Rush (Swedish Dub),Series,Sweden,TVOD,2013-02-01,2014-09-30
2016-03-10,V12442,Big Time Rush (Swedish Dub),Series,Sweden,SVOD,2013-02-01,2014-09-30
2016-03-10,V12442,Big Time Rush (Swedish Dub),Series,Sweden,SVOD,2014-10-01,2019-12-31
2016-03-10,20293855,"Thundermans, The (Swedish Dub)",Series,"","","",""
2016-03-10,20293798,"Thundermans, The (Swedish Dub)",Series,Sweden,SVOD,2016-06-06,2018-09-30
2016-03-10,20293788,"Thundermans, The (Swedish Dub)",Series,Sweden,SVOD,2016-06-06,2018-09-30
2016-07-14,20326846,Krummerne 1,Features,Sweden,SVOD,2016-09-01,2017-08-31
2016-07-14,20326846,Krummerne 1,Features,Norway,SVOD,2016-09-01,2017-08-31
2016-07-14,20326846,Krummerne 1,Features,Denmark,SVOD,2016-09-01,2017-08-31
2016-07-14,20326846,Krummerne 1,Features,Finland,SVOD,2016-09-01,2017-08-31
2016-07-14,20326846,Krummerne 1,Features,Sweden,Catch up,2016-09-01,2017-08-31
2016-07-14,20326846,Krummerne 1,Features,Norway,Catch up,2016-09-01,2017-08-31
2016-07-14,20326846,Krummerne 1,Features,Denmark,Catch up,2016-09-01,2017-08-31
2016-07-14,20326846,Krummerne 1,Features,Finland,Catch up,2016-09-01,2017-08-31
2016-05-02,V12367,Big Time Rush (Swedish Dub),Series,Sweden,SVOD,2014-10-01,2019-12-31
2016-05-02,V12367,Big Time Rush (Swedish Dub),Series,Sweden,SVOD,2014-02-01,2014-09-30
2016-05-02,V12367,Big Time Rush (Swedish Dub),Series,Sweden,TVOD,2014-02-01,2014-09-30
2016-05-02,20234415,EMPIRE YR 2 (2) Ep: 217,Series,Norway,Catch up,2015-09-24,2017-10-07
2016-05-02,20234415,EMPIRE YR 2 (2) Ep: 217,Series,Denmark,Catch up,2015-09-24,2017-10-07
2016-05-02,20234415,EMPIRE YR 2 (2) Ep: 217,Series,Sweden,Catch up,2015-09-24,2017-10-07
2016-05-02,20234415,EMPIRE YR 2 (2) Ep: 217,Series,Denmark,SVOD,2015-09-24,2016-09-23
2016-05-02,20234415,EMPIRE YR 2 (2) Ep: 217,Series,Norway,SVOD,2015-09-24,2016-09-23
2016-05-02,20234415,EMPIRE YR 2 (2) Ep: 217,Series,Sweden,SVOD,2015-09-24,2016-09-23
2016-05-02,20234415,EMPIRE YR 2 (2) Ep: 217,Series,Denmark,SVOD,2016-09-24,2017-09-23
2016-05-02,20234415,EMPIRE YR 2 (2) Ep: 217,Series,Norway,SVOD,2016-09-24,2017-09-23
2016-05-02,20234415,EMPIRE YR 2 (2) Ep: 217,Series,Sweden,SVOD,2016-09-24,2017-09-23
2016-05-02,20234415,EMPIRE YR 2 (2) Ep: 217,Series,Finland,SVOD,2016-09-24,2017-09-23
2015-06-09,20208948,South Park,Series,Denmark,SVOD,2015-07-01,2017-06-30
2015-06-09,20208948,South Park,Series,Denmark,AVOD,2015-05-01,2017-06-30
2015-06-09,20208948,South Park,Series,Sweden,AVOD,2015-05-01,2017-06-30
2015-06-09,20208948,South Park,Series,Sweden,SVOD,2015-07-01,2017-06-30
2015-06-09,20208948,South Park,Series,Finland,SVOD,2015-07-01,2017-06-30
2015-06-09,20208948,South Park,Series,Norway,AVOD,2015-05-01,2017-06-30
2015-06-09,20208948,South Park,Series,Norway,SVOD,2015-07-01,2017-06-30
2015-06-09,20208936,South Park,Series,Finland,SVOD,2015-07-01,2017-06-30
2015-06-09,20208936,South Park,Series,Norway,AVOD,2015-05-01,2017-06-30
2015-06-09,20208936,South Park,Series,Denmark,AVOD,2015-05-01,2017-06-30
2015-06-09,20208936,South Park,Series,Norway,SVOD,2015-07-01,2017-06-30
2015-06-09,20208936,South Park,Series,Denmark,SVOD,2015-07-01,2017-06-30
2015-06-09,20208936,South Park,Series,Sweden,SVOD,2015-07-01,2017-06-30
2015-06-09,20208936,South Park,Series,Sweden,AVOD,2015-05-01,2017-06-30
2015-06-09,20208977,South Park,Series,Denmark,SVOD,2015-07-01,2017-06-30
2015-06-09,20208977,South Park,Series,Denmark,AVOD,2015-05-01,2017-06-30
2015-06-09,20208977,South Park,Series,Sweden,AVOD,2015-05-01,2017-06-30
2015-06-09,20208977,South Park,Series,Sweden,SVOD,2015-07-01,2017-06-30
2015-06-09,20208977,South Park,Series,Finland,SVOD,2015-07-01,2017-06-30
2015-06-09,20208977,South Park,Series,Norway,AVOD,2015-05-01,2017-06-30
2015-06-09,20208977,South Park,Series,Norway,SVOD,2015-07-01,2017-06-30
2015-06-09,20208964,South Park,Series,Norway,AVOD,2015-05-01,2017-06-30
2015-06-09,20208964,South Park,Series,Norway,SVOD,2015-07-01,2017-06-30
2015-06-09,20208964,South Park,Series,Denmark,SVOD,2015-07-01,2017-06-30
2015-06-09,20208964,South Park,Series,Denmark,AVOD,2015-05-01,2017-06-30
2015-06-09,20208964,South Park,Series,Sweden,AVOD,2015-05-01,2017-06-30
2015-06-09,20208964,South Park,Series,Sweden,SVOD,2015-07-01,2017-06-30
2015-06-09,20208964,South Park,Series,Finland,SVOD,2015-07-01,2017-06-30
2015-06-09,20209078,South Park,Series,Denmark,SVOD,2015-07-01,2017-06-30
2015-06-09,20209078,South Park,Series,Sweden,SVOD,2015-07-01,2017-06-30
